"Year,Age,ID_sex,ID_np,Birth"
"1990,15,1,1,9"
"1990,16,1,1,41"
"1990,17,1,1,129"
"1990,18,1,1,288"
"1990,19,1,1,493"
"1990,20,1,1,601"
"1990,21,1,1,662"
"1990,22,1,1,654"
"1990,23,1,1,550"
"1990,24,1,1,515"
"1990,25,1,1,534"
"1990,26,1,1,486"
"1990,27,1,1,500"
"1990,28,1,1,435"
"1990,29,1,1,431"
"1990,30,1,1,356"
"1990,31,1,1,338"
"1990,32,1,1,248"
"1990,33,1,1,207"
"1990,34,1,1,178"
"1990,35,1,1,158"
"1990,36,1,1,119"
"1990,37,1,1,83"
"1990,38,1,1,73"
"1990,39,1,1,47"
"1990,40,1,1,35"
"1990,41,1,1,27"
"1990,42,1,1,13"
"1990,43,1,1,6"
"1990,44,1,1,3"
"1990,45,1,1,0"
"1990,46,1,1,0"
"1990,47,1,1,0"
"1990,48,1,1,0"
"1990,49,1,1,0"
"1990,15,1,0,4"
"1990,16,1,0,20"
"1990,17,1,0,64"
"1990,18,1,0,145"
"1990,19,1,0,248"
"1990,20,1,0,302"
"1990,21,1,0,333"
"1990,22,1,0,329"
"1990,23,1,0,276"
"1990,24,1,0,259"
"1990,25,1,0,268"
"1990,26,1,0,244"
"1990,27,1,0,251"
"1990,28,1,0,218"
"1990,29,1,0,216"
"1990,30,1,0,179"
"1990,31,1,0,170"
"1990,32,1,0,124"
"1990,33,1,0,104"
"1990,34,1,0,90"
"1990,35,1,0,79"
"1990,36,1,0,60"
"1990,37,1,0,42"
"1990,38,1,0,36"
"1990,39,1,0,23"
"1990,40,1,0,17"
"1990,41,1,0,13"
"1990,42,1,0,6"
"1990,43,1,0,3"
"1990,44,1,0,1"
"1990,45,1,0,0"
"1990,46,1,0,0"
"1990,47,1,0,0"
"1990,48,1,0,0"
"1990,49,1,0,0"
"1990,15,0,1,9"
"1990,16,0,1,39"
"1990,17,0,1,124"
"1990,18,0,1,277"
"1990,19,0,1,475"
"1990,20,0,1,578"
"1990,21,0,1,637"
"1990,22,0,1,629"
"1990,23,0,1,529"
"1990,24,0,1,495"
"1990,25,0,1,514"
"1990,26,0,1,467"
"1990,27,0,1,481"
"1990,28,0,1,418"
"1990,29,0,1,414"
"1990,30,0,1,342"
"1990,31,0,1,325"
"1990,32,0,1,238"
"1990,33,0,1,199"
"1990,34,0,1,172"
"1990,35,0,1,152"
"1990,36,0,1,115"
"1990,37,0,1,80"
"1990,38,0,1,70"
"1990,39,0,1,45"
"1990,40,0,1,34"
"1990,41,0,1,26"
"1990,42,0,1,13"
"1990,43,0,1,6"
"1990,44,0,1,3"
"1990,45,0,1,0"
"1990,46,0,1,0"
"1990,47,0,1,0"
"1990,48,0,1,0"
"1990,49,0,1,0"
"1990,15,0,0,4"
"1990,16,0,0,20"
"1990,17,0,0,63"
"1990,18,0,0,141"
"1990,19,0,0,242"
"1990,20,0,0,295"
"1990,21,0,0,325"
"1990,22,0,0,321"
"1990,23,0,0,270"
"1990,24,0,0,253"
"1990,25,0,0,262"
"1990,26,0,0,238"
"1990,27,0,0,245"
"1990,28,0,0,213"
"1990,29,0,0,211"
"1990,30,0,0,174"
"1990,31,0,0,166"
"1990,32,0,0,121"
"1990,33,0,0,102"
"1990,34,0,0,87"
"1990,35,0,0,77"
"1990,36,0,0,58"
"1990,37,0,0,41"
"1990,38,0,0,35"
"1990,39,0,0,23"
"1990,40,0,0,17"
"1990,41,0,0,13"
"1990,42,0,0,6"
"1990,43,0,0,3"
"1990,44,0,0,1"
"1990,45,0,0,0"
"1990,46,0,0,0"
"1990,47,0,0,0"
"1990,48,0,0,0"
"1990,49,0,0,0"
"1991,49,0,0,0"
"1991,48,0,0,0"
"1991,47,0,0,0"
"1991,46,0,0,0"
"1991,45,0,0,0"
"1991,44,0,0,1"
"1991,43,0,0,2"
"1991,42,0,0,6"
"1991,41,0,0,12"
"1991,40,0,0,15"
"1991,39,0,0,23"
"1991,38,0,0,28"
"1991,37,0,0,40"
"1991,36,0,0,59"
"1991,35,0,0,64"
"1991,34,0,0,83"
"1991,33,0,0,92"
"1991,32,0,0,114"
"1991,31,0,0,138"
"1991,30,0,0,158"
"1991,29,0,0,172"
"1991,28,0,0,191"
"1991,27,0,0,185"
"1991,26,0,0,213"
"1991,25,0,0,221"
"1991,24,0,0,239"
"1991,23,0,0,269"
"1991,22,0,0,289"
"1991,21,0,0,317"
"1991,20,0,0,319"
"1991,19,0,0,262"
"1991,18,0,0,153"
"1991,17,0,0,73"
"1991,16,0,0,22"
"1991,15,0,0,6"
"1991,49,0,1,0"
"1991,48,0,1,0"
"1991,47,0,1,0"
"1991,46,0,1,0"
"1991,45,0,1,0"
"1991,44,0,1,3"
"1991,43,0,1,4"
"1991,42,0,1,12"
"1991,41,0,1,24"
"1991,40,0,1,29"
"1991,39,0,1,44"
"1991,38,0,1,53"
"1991,37,0,1,75"
"1991,36,0,1,112"
"1991,35,0,1,120"
"1991,34,0,1,156"
"1991,33,0,1,173"
"1991,32,0,1,215"
"1991,31,0,1,258"
"1991,30,0,1,297"
"1991,29,0,1,322"
"1991,28,0,1,359"
"1991,27,0,1,346"
"1991,26,0,1,399"
"1991,25,0,1,415"
"1991,24,0,1,448"
"1991,23,0,1,504"
"1991,22,0,1,542"
"1991,21,0,1,594"
"1991,20,0,1,599"
"1991,19,0,1,491"
"1991,18,0,1,287"
"1991,17,0,1,137"
"1991,16,0,1,41"
"1991,15,0,1,13"
"1991,49,1,0,0"
"1991,48,1,0,0"
"1991,47,1,0,0"
"1991,46,1,0,0"
"1991,45,1,0,0"
"1991,44,1,0,1"
"1991,43,1,0,2"
"1991,42,1,0,6"
"1991,41,1,0,13"
"1991,40,1,0,16"
"1991,39,1,0,24"
"1991,38,1,0,29"
"1991,37,1,0,42"
"1991,36,1,0,62"
"1991,35,1,0,67"
"1991,34,1,0,87"
"1991,33,1,0,97"
"1991,32,1,0,120"
"1991,31,1,0,144"
"1991,30,1,0,166"
"1991,29,1,0,179"
"1991,28,1,0,200"
"1991,27,1,0,193"
"1991,26,1,0,222"
"1991,25,1,0,231"
"1991,24,1,0,249"
"1991,23,1,0,281"
"1991,22,1,0,302"
"1991,21,1,0,331"
"1991,20,1,0,334"
"1991,19,1,0,274"
"1991,18,1,0,160"
"1991,17,1,0,76"
"1991,16,1,0,23"
"1991,15,1,0,7"
"1991,49,1,1,0"
"1991,48,1,1,0"
"1991,47,1,1,0"
"1991,46,1,1,0"
"1991,45,1,1,0"
"1991,44,1,1,3"
"1991,43,1,1,4"
"1991,42,1,1,12"
"1991,41,1,1,25"
"1991,40,1,1,30"
"1991,39,1,1,46"
"1991,38,1,1,55"
"1991,37,1,1,79"
"1991,36,1,1,117"
"1991,35,1,1,125"
"1991,34,1,1,163"
"1991,33,1,1,181"
"1991,32,1,1,224"
"1991,31,1,1,269"
"1991,30,1,1,310"
"1991,29,1,1,336"
"1991,28,1,1,374"
"1991,27,1,1,361"
"1991,26,1,1,415"
"1991,25,1,1,433"
"1991,24,1,1,466"
"1991,23,1,1,525"
"1991,22,1,1,565"
"1991,21,1,1,619"
"1991,20,1,1,624"
"1991,19,1,1,512"
"1991,18,1,1,299"
"1991,17,1,1,143"
"1991,16,1,1,43"
"1991,15,1,1,13"
"1992,15,1,1,13"
"1992,16,1,1,49"
"1992,17,1,1,147"
"1992,18,1,1,305"
"1992,19,1,1,462"
"1992,20,1,1,605"
"1992,21,1,1,598"
"1992,22,1,1,526"
"1992,23,1,1,464"
"1992,24,1,1,422"
"1992,25,1,1,385"
"1992,26,1,1,344"
"1992,27,1,1,313"
"1992,28,1,1,290"
"1992,29,1,1,271"
"1992,30,1,1,265"
"1992,31,1,1,234"
"1992,32,1,1,184"
"1992,33,1,1,167"
"1992,34,1,1,135"
"1992,35,1,1,106"
"1992,36,1,1,88"
"1992,37,1,1,69"
"1992,38,1,1,49"
"1992,39,1,1,33"
"1992,40,1,1,23"
"1992,41,1,1,19"
"1992,42,1,1,8"
"1992,43,1,1,6"
"1992,44,1,1,2"
"1992,45,1,1,1"
"1992,46,1,1,0"
"1992,47,1,1,0"
"1992,48,1,1,0"
"1992,49,1,1,0"
"1992,15,1,0,7"
"1992,16,1,0,27"
"1992,17,1,0,80"
"1992,18,1,0,166"
"1992,19,1,0,251"
"1992,20,1,0,329"
"1992,21,1,0,325"
"1992,22,1,0,286"
"1992,23,1,0,252"
"1992,24,1,0,229"
"1992,25,1,0,209"
"1992,26,1,0,187"
"1992,27,1,0,170"
"1992,28,1,0,157"
"1992,29,1,0,147"
"1992,30,1,0,144"
"1992,31,1,0,127"
"1992,32,1,0,100"
"1992,33,1,0,91"
"1992,34,1,0,73"
"1992,35,1,0,57"
"1992,36,1,0,48"
"1992,37,1,0,37"
"1992,38,1,0,27"
"1992,39,1,0,18"
"1992,40,1,0,12"
"1992,41,1,0,10"
"1992,42,1,0,4"
"1992,43,1,0,3"
"1992,44,1,0,1"
"1992,45,1,0,0"
"1992,46,1,0,0"
"1992,47,1,0,0"
"1992,48,1,0,0"
"1992,49,1,0,0"
"1992,15,0,1,13"
"1992,16,0,1,48"
"1992,17,0,1,142"
"1992,18,0,1,294"
"1992,19,0,1,445"
"1992,20,0,1,583"
"1992,21,0,1,576"
"1992,22,0,1,508"
"1992,23,0,1,447"
"1992,24,0,1,407"
"1992,25,0,1,371"
"1992,26,0,1,332"
"1992,27,0,1,302"
"1992,28,0,1,279"
"1992,29,0,1,261"
"1992,30,0,1,256"
"1992,31,0,1,226"
"1992,32,0,1,177"
"1992,33,0,1,161"
"1992,34,0,1,130"
"1992,35,0,1,102"
"1992,36,0,1,85"
"1992,37,0,1,67"
"1992,38,0,1,48"
"1992,39,0,1,32"
"1992,40,0,1,22"
"1992,41,0,1,19"
"1992,42,0,1,8"
"1992,43,0,1,6"
"1992,44,0,1,2"
"1992,45,0,1,1"
"1992,46,0,1,0"
"1992,47,0,1,0"
"1992,48,0,1,0"
"1992,49,0,1,0"
"1992,15,0,0,7"
"1992,16,0,0,26"
"1992,17,0,0,78"
"1992,18,0,0,162"
"1992,19,0,0,246"
"1992,20,0,0,322"
"1992,21,0,0,318"
"1992,22,0,0,280"
"1992,23,0,0,247"
"1992,24,0,0,224"
"1992,25,0,0,205"
"1992,26,0,0,183"
"1992,27,0,0,167"
"1992,28,0,0,154"
"1992,29,0,0,144"
"1992,30,0,0,141"
"1992,31,0,0,124"
"1992,32,0,0,98"
"1992,33,0,0,89"
"1992,34,0,0,72"
"1992,35,0,0,56"
"1992,36,0,0,47"
"1992,37,0,0,37"
"1992,38,0,0,26"
"1992,39,0,0,18"
"1992,40,0,0,12"
"1992,41,0,0,10"
"1992,42,0,0,4"
"1992,43,0,0,3"
"1992,44,0,0,1"
"1992,45,0,0,0"
"1992,46,0,0,0"
"1992,47,0,0,0"
"1992,48,0,0,0"
"1992,49,0,0,0"
"1993,49,0,0,0"
"1993,48,0,0,0"
"1993,47,0,0,0"
"1993,46,0,0,0"
"1993,45,0,0,0"
"1993,44,0,0,2"
"1993,43,0,0,2"
"1993,42,0,0,4"
"1993,41,0,0,8"
"1993,40,0,0,12"
"1993,39,0,0,14"
"1993,38,0,0,18"
"1993,37,0,0,25"
"1993,36,0,0,33"
"1993,35,0,0,44"
"1993,34,0,0,53"
"1993,33,0,0,61"
"1993,32,0,0,78"
"1993,31,0,0,80"
"1993,30,0,0,93"
"1993,29,0,0,97"
"1993,28,0,0,120"
"1993,27,0,0,132"
"1993,26,0,0,151"
"1993,25,0,0,161"
"1993,24,0,0,182"
"1993,23,0,0,205"
"1993,22,0,0,250"
"1993,21,0,0,282"
"1993,20,0,0,280"
"1993,19,0,0,238"
"1993,18,0,0,154"
"1993,17,0,0,70"
"1993,16,0,0,22"
"1993,15,0,0,7"
"1993,49,0,1,0"
"1993,48,0,1,0"
"1993,47,0,1,0"
"1993,46,0,1,1"
"1993,45,0,1,0"
"1993,44,0,1,5"
"1993,43,0,1,4"
"1993,42,0,1,8"
"1993,41,0,1,16"
"1993,40,0,1,23"
"1993,39,0,1,27"
"1993,38,0,1,34"
"1993,37,0,1,48"
"1993,36,0,1,63"
"1993,35,0,1,84"
"1993,34,0,1,101"
"1993,33,0,1,117"
"1993,32,0,1,149"
"1993,31,0,1,153"
"1993,30,0,1,177"
"1993,29,0,1,186"
"1993,28,0,1,228"
"1993,27,0,1,253"
"1993,26,0,1,288"
"1993,25,0,1,308"
"1993,24,0,1,348"
"1993,23,0,1,392"
"1993,22,0,1,478"
"1993,21,0,1,537"
"1993,20,0,1,535"
"1993,19,0,1,455"
"1993,18,0,1,294"
"1993,17,0,1,134"
"1993,16,0,1,43"
"1993,15,0,1,13"
"1993,49,1,0,0"
"1993,48,1,0,0"
"1993,47,1,0,0"
"1993,46,1,0,0"
"1993,45,1,0,0"
"1993,44,1,0,3"
"1993,43,1,0,2"
"1993,42,1,0,4"
"1993,41,1,0,9"
"1993,40,1,0,13"
"1993,39,1,0,15"
"1993,38,1,0,19"
"1993,37,1,0,26"
"1993,36,1,0,35"
"1993,35,1,0,46"
"1993,34,1,0,56"
"1993,33,1,0,64"
"1993,32,1,0,82"
"1993,31,1,0,84"
"1993,30,1,0,97"
"1993,29,1,0,102"
"1993,28,1,0,125"
"1993,27,1,0,139"
"1993,26,1,0,158"
"1993,25,1,0,169"
"1993,24,1,0,191"
"1993,23,1,0,215"
"1993,22,1,0,263"
"1993,21,1,0,295"
"1993,20,1,0,294"
"1993,19,1,0,250"
"1993,18,1,0,162"
"1993,17,1,0,74"
"1993,16,1,0,24"
"1993,15,1,0,7"
"1993,49,1,1,0"
"1993,48,1,1,0"
"1993,47,1,1,0"
"1993,46,1,1,1"
"1993,45,1,1,0"
"1993,44,1,1,5"
"1993,43,1,1,4"
"1993,42,1,1,8"
"1993,41,1,1,16"
"1993,40,1,1,24"
"1993,39,1,1,28"
"1993,38,1,1,35"
"1993,37,1,1,50"
"1993,36,1,1,65"
"1993,35,1,1,86"
"1993,34,1,1,104"
"1993,33,1,1,120"
"1993,32,1,1,153"
"1993,31,1,1,157"
"1993,30,1,1,182"
"1993,29,1,1,191"
"1993,28,1,1,235"
"1993,27,1,1,260"
"1993,26,1,1,296"
"1993,25,1,1,317"
"1993,24,1,1,357"
"1993,23,1,1,403"
"1993,22,1,1,491"
"1993,21,1,1,552"
"1993,20,1,1,549"
"1993,19,1,1,467"
"1993,18,1,1,303"
"1993,17,1,1,138"
"1993,16,1,1,45"
"1993,15,1,1,13"
"1994,15,1,1,12"
"1994,16,1,1,54"
"1994,17,1,1,152"
"1994,18,1,1,341"
"1994,19,1,1,496"
"1994,20,1,1,543"
"1994,21,1,1,550"
"1994,22,1,1,490"
"1994,23,1,1,410"
"1994,24,1,1,378"
"1994,25,1,1,311"
"1994,26,1,1,266"
"1994,27,1,1,258"
"1994,28,1,1,252"
"1994,29,1,1,201"
"1994,30,1,1,196"
"1994,31,1,1,168"
"1994,32,1,1,138"
"1994,33,1,1,124"
"1994,34,1,1,103"
"1994,35,1,1,89"
"1994,36,1,1,63"
"1994,37,1,1,48"
"1994,38,1,1,26"
"1994,39,1,1,22"
"1994,40,1,1,20"
"1994,41,1,1,15"
"1994,42,1,1,5"
"1994,43,1,1,4"
"1994,44,1,1,4"
"1994,45,1,1,0"
"1994,46,1,1,0"
"1994,47,1,1,0"
"1994,48,1,1,0"
"1994,49,1,1,0"
"1994,15,1,0,6"
"1994,16,1,0,28"
"1994,17,1,0,80"
"1994,18,1,0,179"
"1994,19,1,0,260"
"1994,20,1,0,285"
"1994,21,1,0,289"
"1994,22,1,0,257"
"1994,23,1,0,215"
"1994,24,1,0,198"
"1994,25,1,0,163"
"1994,26,1,0,140"
"1994,27,1,0,135"
"1994,28,1,0,132"
"1994,29,1,0,105"
"1994,30,1,0,102"
"1994,31,1,0,88"
"1994,32,1,0,72"
"1994,33,1,0,65"
"1994,34,1,0,54"
"1994,35,1,0,46"
"1994,36,1,0,33"
"1994,37,1,0,25"
"1994,38,1,0,13"
"1994,39,1,0,11"
"1994,40,1,0,10"
"1994,41,1,0,8"
"1994,42,1,0,2"
"1994,43,1,0,2"
"1994,44,1,0,2"
"1994,45,1,0,0"
"1994,46,1,0,0"
"1994,47,1,0,0"
"1994,48,1,0,0"
"1994,49,1,0,0"
"1994,15,0,1,11"
"1994,16,0,1,49"
"1994,17,0,1,138"
"1994,18,0,1,310"
"1994,19,0,1,451"
"1994,20,0,1,493"
"1994,21,0,1,500"
"1994,22,0,1,446"
"1994,23,0,1,373"
"1994,24,0,1,343"
"1994,25,0,1,282"
"1994,26,0,1,242"
"1994,27,0,1,235"
"1994,28,0,1,229"
"1994,29,0,1,183"
"1994,30,0,1,178"
"1994,31,0,1,153"
"1994,32,0,1,125"
"1994,33,0,1,113"
"1994,34,0,1,93"
"1994,35,0,1,80"
"1994,36,0,1,58"
"1994,37,0,1,44"
"1994,38,0,1,23"
"1994,39,0,1,20"
"1994,40,0,1,18"
"1994,41,0,1,14"
"1994,42,0,1,4"
"1994,43,0,1,4"
"1994,44,0,1,4"
"1994,45,0,1,0"
"1994,46,0,1,0"
"1994,47,0,1,0"
"1994,48,0,1,0"
"1994,49,0,1,0"
"1994,15,0,0,6"
"1994,16,0,0,27"
"1994,17,0,0,75"
"1994,18,0,0,169"
"1994,19,0,0,246"
"1994,20,0,0,269"
"1994,21,0,0,273"
"1994,22,0,0,243"
"1994,23,0,0,203"
"1994,24,0,0,187"
"1994,25,0,0,154"
"1994,26,0,0,132"
"1994,27,0,0,128"
"1994,28,0,0,125"
"1994,29,0,0,100"
"1994,30,0,0,97"
"1994,31,0,0,83"
"1994,32,0,0,68"
"1994,33,0,0,62"
"1994,34,0,0,51"
"1994,35,0,0,44"
"1994,36,0,0,31"
"1994,37,0,0,24"
"1994,38,0,0,13"
"1994,39,0,0,11"
"1994,40,0,0,10"
"1994,41,0,0,7"
"1994,42,0,0,2"
"1994,43,0,0,2"
"1994,44,0,0,2"
"1994,45,0,0,0"
"1994,46,0,0,0"
"1994,47,0,0,0"
"1994,48,0,0,0"
"1994,49,0,0,0"
"1995,49,0,0,0"
"1995,48,0,0,0"
"1995,47,0,0,0"
"1995,46,0,0,0"
"1995,45,0,0,0"
"1995,44,0,0,1"
"1995,43,0,0,1"
"1995,42,0,0,3"
"1995,41,0,0,7"
"1995,40,0,0,9"
"1995,39,0,0,10"
"1995,38,0,0,15"
"1995,37,0,0,22"
"1995,36,0,0,29"
"1995,35,0,0,42"
"1995,34,0,0,46"
"1995,33,0,0,56"
"1995,32,0,0,62"
"1995,31,0,0,75"
"1995,30,0,0,85"
"1995,29,0,0,86"
"1995,28,0,0,104"
"1995,27,0,0,103"
"1995,26,0,0,125"
"1995,25,0,0,143"
"1995,24,0,0,163"
"1995,23,0,0,199"
"1995,22,0,0,214"
"1995,21,0,0,254"
"1995,20,0,0,256"
"1995,19,0,0,221"
"1995,18,0,0,141"
"1995,17,0,0,65"
"1995,16,0,0,25"
"1995,15,0,0,5"
"1995,49,0,1,0"
"1995,48,0,1,0"
"1995,47,0,1,0"
"1995,46,0,1,0"
"1995,45,0,1,0"
"1995,44,0,1,2"
"1995,43,0,1,3"
"1995,42,0,1,6"
"1995,41,0,1,14"
"1995,40,0,1,17"
"1995,39,0,1,19"
"1995,38,0,1,29"
"1995,37,0,1,42"
"1995,36,0,1,54"
"1995,35,0,1,80"
"1995,34,0,1,88"
"1995,33,0,1,105"
"1995,32,0,1,118"
"1995,31,0,1,142"
"1995,30,0,1,160"
"1995,29,0,1,163"
"1995,28,0,1,197"
"1995,27,0,1,195"
"1995,26,0,1,235"
"1995,25,0,1,270"
"1995,24,0,1,307"
"1995,23,0,1,375"
"1995,22,0,1,404"
"1995,21,0,1,479"
"1995,20,0,1,483"
"1995,19,0,1,417"
"1995,18,0,1,265"
"1995,17,0,1,124"
"1995,16,0,1,47"
"1995,15,0,1,10"
"1995,49,1,0,0"
"1995,48,1,0,0"
"1995,47,1,0,0"
"1995,46,1,0,0"
"1995,45,1,0,0"
"1995,44,1,0,1"
"1995,43,1,0,1"
"1995,42,1,0,3"
"1995,41,1,0,8"
"1995,40,1,0,10"
"1995,39,1,0,10"
"1995,38,1,0,16"
"1995,37,1,0,24"
"1995,36,1,0,31"
"1995,35,1,0,46"
"1995,34,1,0,50"
"1995,33,1,0,60"
"1995,32,1,0,67"
"1995,31,1,0,81"
"1995,30,1,0,91"
"1995,29,1,0,93"
"1995,28,1,0,112"
"1995,27,1,0,111"
"1995,26,1,0,134"
"1995,25,1,0,154"
"1995,24,1,0,175"
"1995,23,1,0,214"
"1995,22,1,0,231"
"1995,21,1,0,274"
"1995,20,1,0,276"
"1995,19,1,0,238"
"1995,18,1,0,152"
"1995,17,1,0,70"
"1995,16,1,0,26"
"1995,15,1,0,5"
"1995,49,1,1,0"
"1995,48,1,1,0"
"1995,47,1,1,0"
"1995,46,1,1,0"
"1995,45,1,1,1"
"1995,44,1,1,2"
"1995,43,1,1,3"
"1995,42,1,1,6"
"1995,41,1,1,15"
"1995,40,1,1,19"
"1995,39,1,1,20"
"1995,38,1,1,31"
"1995,37,1,1,45"
"1995,36,1,1,59"
"1995,35,1,1,87"
"1995,34,1,1,95"
"1995,33,1,1,114"
"1995,32,1,1,127"
"1995,31,1,1,153"
"1995,30,1,1,173"
"1995,29,1,1,176"
"1995,28,1,1,213"
"1995,27,1,1,210"
"1995,26,1,1,254"
"1995,25,1,1,292"
"1995,24,1,1,331"
"1995,23,1,1,405"
"1995,22,1,1,436"
"1995,21,1,1,517"
"1995,20,1,1,521"
"1995,19,1,1,451"
"1995,18,1,1,286"
"1995,17,1,1,133"
"1995,16,1,1,50"
"1995,15,1,1,10"
"1996,15,1,1,7"
"1996,16,1,1,42"
"1996,17,1,1,119"
"1996,18,1,1,247"
"1996,19,1,1,391"
"1996,20,1,1,470"
"1996,21,1,1,477"
"1996,22,1,1,421"
"1996,23,1,1,384"
"1996,24,1,1,354"
"1996,25,1,1,310"
"1996,26,1,1,259"
"1996,27,1,1,221"
"1996,28,1,1,203"
"1996,29,1,1,171"
"1996,30,1,1,154"
"1996,31,1,1,133"
"1996,32,1,1,130"
"1996,33,1,1,104"
"1996,34,1,1,93"
"1996,35,1,1,80"
"1996,36,1,1,66"
"1996,37,1,1,46"
"1996,38,1,1,37"
"1996,39,1,1,28"
"1996,40,1,1,18"
"1996,41,1,1,14"
"1996,42,1,1,10"
"1996,43,1,1,4"
"1996,44,1,1,1"
"1996,45,1,1,0"
"1996,46,1,1,0"
"1996,47,1,1,0"
"1996,48,1,1,0"
"1996,49,1,1,0"
"1996,15,1,0,4"
"1996,16,1,0,22"
"1996,17,1,0,62"
"1996,18,1,0,129"
"1996,19,1,0,203"
"1996,20,1,0,244"
"1996,21,1,0,248"
"1996,22,1,0,219"
"1996,23,1,0,200"
"1996,24,1,0,184"
"1996,25,1,0,161"
"1996,26,1,0,135"
"1996,27,1,0,115"
"1996,28,1,0,106"
"1996,29,1,0,89"
"1996,30,1,0,80"
"1996,31,1,0,69"
"1996,32,1,0,67"
"1996,33,1,0,54"
"1996,34,1,0,48"
"1996,35,1,0,42"
"1996,36,1,0,34"
"1996,37,1,0,24"
"1996,38,1,0,19"
"1996,39,1,0,14"
"1996,40,1,0,9"
"1996,41,1,0,7"
"1996,42,1,0,5"
"1996,43,1,0,2"
"1996,44,1,0,0"
"1996,45,1,0,0"
"1996,46,1,0,0"
"1996,47,1,0,0"
"1996,48,1,0,0"
"1996,49,1,0,0"
"1996,15,0,1,7"
"1996,16,0,1,40"
"1996,17,0,1,112"
"1996,18,0,1,233"
"1996,19,0,1,369"
"1996,20,0,1,443"
"1996,21,0,1,450"
"1996,22,0,1,397"
"1996,23,0,1,362"
"1996,24,0,1,333"
"1996,25,0,1,293"
"1996,26,0,1,244"
"1996,27,0,1,209"
"1996,28,0,1,192"
"1996,29,0,1,162"
"1996,30,0,1,145"
"1996,31,0,1,126"
"1996,32,0,1,122"
"1996,33,0,1,98"
"1996,34,0,1,88"
"1996,35,0,1,76"
"1996,36,0,1,62"
"1996,37,0,1,43"
"1996,38,0,1,34"
"1996,39,0,1,27"
"1996,40,0,1,17"
"1996,41,0,1,13"
"1996,42,0,1,9"
"1996,43,0,1,4"
"1996,44,0,1,0"
"1996,45,0,1,0"
"1996,46,0,1,0"
"1996,47,0,1,0"
"1996,48,0,1,0"
"1996,49,0,1,0"
"1996,15,0,0,3"
"1996,16,0,0,21"
"1996,17,0,0,60"
"1996,18,0,0,125"
"1996,19,0,0,197"
"1996,20,0,0,237"
"1996,21,0,0,240"
"1996,22,0,0,212"
"1996,23,0,0,194"
"1996,24,0,0,178"
"1996,25,0,0,156"
"1996,26,0,0,130"
"1996,27,0,0,111"
"1996,28,0,0,102"
"1996,29,0,0,86"
"1996,30,0,0,77"
"1996,31,0,0,67"
"1996,32,0,0,65"
"1996,33,0,0,52"
"1996,34,0,0,47"
"1996,35,0,0,40"
"1996,36,0,0,33"
"1996,37,0,0,23"
"1996,38,0,0,18"
"1996,39,0,0,14"
"1996,40,0,0,9"
"1996,41,0,0,7"
"1996,42,0,0,5"
"1996,43,0,0,2"
"1996,44,0,0,0"
"1996,45,0,0,0"
"1996,46,0,0,0"
"1996,47,0,0,0"
"1996,48,0,0,0"
"1996,49,0,0,0"
"1997,49,0,0,0"
"1997,48,0,0,0"
"1997,47,0,0,0"
"1997,46,0,0,0"
"1997,45,0,0,0"
"1997,44,0,0,1"
"1997,43,0,0,3"
"1997,42,0,0,4"
"1997,41,0,0,5"
"1997,40,0,0,8"
"1997,39,0,0,13"
"1997,38,0,0,20"
"1997,37,0,0,25"
"1997,36,0,0,36"
"1997,35,0,0,38"
"1997,34,0,0,49"
"1997,33,0,0,60"
"1997,32,0,0,65"
"1997,31,0,0,80"
"1997,30,0,0,93"
"1997,29,0,0,102"
"1997,28,0,0,115"
"1997,27,0,0,126"
"1997,26,0,0,137"
"1997,25,0,0,163"
"1997,24,0,0,185"
"1997,23,0,0,194"
"1997,22,0,0,224"
"1997,21,0,0,247"
"1997,20,0,0,221"
"1997,19,0,0,177"
"1997,18,0,0,120"
"1997,17,0,0,58"
"1997,16,0,0,19"
"1997,15,0,0,6"
"1997,49,0,1,0"
"1997,48,0,1,0"
"1997,47,0,1,0"
"1997,46,0,1,0"
"1997,45,0,1,1"
"1997,44,0,1,3"
"1997,43,0,1,6"
"1997,42,0,1,7"
"1997,41,0,1,10"
"1997,40,0,1,16"
"1997,39,0,1,26"
"1997,38,0,1,38"
"1997,37,0,1,49"
"1997,36,0,1,69"
"1997,35,0,1,73"
"1997,34,0,1,94"
"1997,33,0,1,114"
"1997,32,0,1,123"
"1997,31,0,1,153"
"1997,30,0,1,178"
"1997,29,0,1,194"
"1997,28,0,1,219"
"1997,27,0,1,240"
"1997,26,0,1,260"
"1997,25,0,1,311"
"1997,24,0,1,352"
"1997,23,0,1,369"
"1997,22,0,1,426"
"1997,21,0,1,469"
"1997,20,0,1,421"
"1997,19,0,1,338"
"1997,18,0,1,228"
"1997,17,0,1,110"
"1997,16,0,1,36"
"1997,15,0,1,12"
"1997,49,1,0,0"
"1997,48,1,0,0"
"1997,47,1,0,0"
"1997,46,1,0,0"
"1997,45,1,0,0"
"1997,44,1,0,1"
"1997,43,1,0,3"
"1997,42,1,0,4"
"1997,41,1,0,5"
"1997,40,1,0,8"
"1997,39,1,0,13"
"1997,38,1,0,20"
"1997,37,1,0,26"
"1997,36,1,0,36"
"1997,35,1,0,39"
"1997,34,1,0,49"
"1997,33,1,0,60"
"1997,32,1,0,65"
"1997,31,1,0,81"
"1997,30,1,0,94"
"1997,29,1,0,102"
"1997,28,1,0,116"
"1997,27,1,0,127"
"1997,26,1,0,137"
"1997,25,1,0,164"
"1997,24,1,0,186"
"1997,23,1,0,195"
"1997,22,1,0,225"
"1997,21,1,0,248"
"1997,20,1,0,222"
"1997,19,1,0,178"
"1997,18,1,0,120"
"1997,17,1,0,58"
"1997,16,1,0,19"
"1997,15,1,0,6"
"1997,49,1,1,0"
"1997,48,1,1,0"
"1997,47,1,1,0"
"1997,46,1,1,0"
"1997,45,1,1,1"
"1997,44,1,1,3"
"1997,43,1,1,6"
"1997,42,1,1,8"
"1997,41,1,1,10"
"1997,40,1,1,17"
"1997,39,1,1,27"
"1997,38,1,1,40"
"1997,37,1,1,51"
"1997,36,1,1,72"
"1997,35,1,1,77"
"1997,34,1,1,98"
"1997,33,1,1,119"
"1997,32,1,1,128"
"1997,31,1,1,160"
"1997,30,1,1,185"
"1997,29,1,1,202"
"1997,28,1,1,229"
"1997,27,1,1,250"
"1997,26,1,1,272"
"1997,25,1,1,324"
"1997,24,1,1,367"
"1997,23,1,1,385"
"1997,22,1,1,444"
"1997,21,1,1,490"
"1997,20,1,1,439"
"1997,19,1,1,352"
"1997,18,1,1,238"
"1997,17,1,1,115"
"1997,16,1,1,37"
"1997,15,1,1,13"
"1998,15,1,1,13"
"1998,16,1,1,39"
"1998,17,1,1,115"
"1998,18,1,1,235"
"1998,19,1,1,364"
"1998,20,1,1,443"
"1998,21,1,1,473"
"1998,22,1,1,465"
"1998,23,1,1,458"
"1998,24,1,1,395"
"1998,25,1,1,347"
"1998,26,1,1,298"
"1998,27,1,1,257"
"1998,28,1,1,233"
"1998,29,1,1,211"
"1998,30,1,1,175"
"1998,31,1,1,157"
"1998,32,1,1,146"
"1998,33,1,1,114"
"1998,34,1,1,109"
"1998,35,1,1,99"
"1998,36,1,1,79"
"1998,37,1,1,53"
"1998,38,1,1,42"
"1998,39,1,1,38"
"1998,40,1,1,24"
"1998,41,1,1,14"
"1998,42,1,1,11"
"1998,43,1,1,5"
"1998,44,1,1,4"
"1998,45,1,1,1"
"1998,46,1,1,1"
"1998,47,1,1,0"
"1998,48,1,1,0"
"1998,49,1,1,0"
"1998,15,1,0,6"
"1998,16,1,0,21"
"1998,17,1,0,61"
"1998,18,1,0,125"
"1998,19,1,0,193"
"1998,20,1,0,236"
"1998,21,1,0,252"
"1998,22,1,0,247"
"1998,23,1,0,243"
"1998,24,1,0,210"
"1998,25,1,0,185"
"1998,26,1,0,158"
"1998,27,1,0,136"
"1998,28,1,0,124"
"1998,29,1,0,112"
"1998,30,1,0,93"
"1998,31,1,0,84"
"1998,32,1,0,78"
"1998,33,1,0,61"
"1998,34,1,0,58"
"1998,35,1,0,52"
"1998,36,1,0,42"
"1998,37,1,0,28"
"1998,38,1,0,22"
"1998,39,1,0,20"
"1998,40,1,0,13"
"1998,41,1,0,7"
"1998,42,1,0,5"
"1998,43,1,0,3"
"1998,44,1,0,2"
"1998,45,1,0,0"
"1998,46,1,0,0"
"1998,47,1,0,0"
"1998,48,1,0,0"
"1998,49,1,0,0"
"1998,15,0,1,12"
"1998,16,0,1,37"
"1998,17,0,1,108"
"1998,18,0,1,221"
"1998,19,0,1,341"
"1998,20,0,1,416"
"1998,21,0,1,444"
"1998,22,0,1,437"
"1998,23,0,1,430"
"1998,24,0,1,370"
"1998,25,0,1,326"
"1998,26,0,1,279"
"1998,27,0,1,241"
"1998,28,0,1,219"
"1998,29,0,1,198"
"1998,30,0,1,164"
"1998,31,0,1,148"
"1998,32,0,1,137"
"1998,33,0,1,107"
"1998,34,0,1,102"
"1998,35,0,1,93"
"1998,36,0,1,74"
"1998,37,0,1,50"
"1998,38,0,1,39"
"1998,39,0,1,35"
"1998,40,0,1,23"
"1998,41,0,1,13"
"1998,42,0,1,10"
"1998,43,0,1,5"
"1998,44,0,1,4"
"1998,45,0,1,1"
"1998,46,0,1,1"
"1998,47,0,1,0"
"1998,48,0,1,0"
"1998,49,0,1,0"
"1998,15,0,0,6"
"1998,16,0,0,19"
"1998,17,0,0,57"
"1998,18,0,0,117"
"1998,19,0,0,181"
"1998,20,0,0,221"
"1998,21,0,0,236"
"1998,22,0,0,232"
"1998,23,0,0,228"
"1998,24,0,0,196"
"1998,25,0,0,173"
"1998,26,0,0,148"
"1998,27,0,0,128"
"1998,28,0,0,116"
"1998,29,0,0,105"
"1998,30,0,0,87"
"1998,31,0,0,78"
"1998,32,0,0,73"
"1998,33,0,0,57"
"1998,34,0,0,54"
"1998,35,0,0,49"
"1998,36,0,0,39"
"1998,37,0,0,26"
"1998,38,0,0,21"
"1998,39,0,0,18"
"1998,40,0,0,12"
"1998,41,0,0,7"
"1998,42,0,0,5"
"1998,43,0,0,2"
"1998,44,0,0,2"
"1998,45,0,0,0"
"1998,46,0,0,0"
"1998,47,0,0,0"
"1998,48,0,0,0"
"1998,49,0,0,0"
"1999,49,0,0,0"
"1999,48,0,0,0"
"1999,47,0,0,0"
"1999,46,0,0,1"
"1999,45,0,0,0"
"1999,44,0,0,1"
"1999,43,0,0,1"
"1999,42,0,0,5"
"1999,41,0,0,8"
"1999,40,0,0,11"
"1999,39,0,0,18"
"1999,38,0,0,29"
"1999,37,0,0,35"
"1999,36,0,0,37"
"1999,35,0,0,46"
"1999,34,0,0,49"
"1999,33,0,0,60"
"1999,32,0,0,67"
"1999,31,0,0,76"
"1999,30,0,0,89"
"1999,29,0,0,105"
"1999,28,0,0,123"
"1999,27,0,0,149"
"1999,26,0,0,159"
"1999,25,0,0,181"
"1999,24,0,0,204"
"1999,23,0,0,223"
"1999,22,0,0,253"
"1999,21,0,0,235"
"1999,20,0,0,201"
"1999,19,0,0,165"
"1999,18,0,0,109"
"1999,17,0,0,49"
"1999,16,0,0,18"
"1999,15,0,0,3"
"1999,49,0,1,0"
"1999,48,0,1,0"
"1999,47,0,1,0"
"1999,46,0,1,2"
"1999,45,0,1,1"
"1999,44,0,1,2"
"1999,43,0,1,2"
"1999,42,0,1,10"
"1999,41,0,1,15"
"1999,40,0,1,21"
"1999,39,0,1,34"
"1999,38,0,1,54"
"1999,37,0,1,65"
"1999,36,0,1,68"
"1999,35,0,1,85"
"1999,34,0,1,92"
"1999,33,0,1,111"
"1999,32,0,1,124"
"1999,31,0,1,141"
"1999,30,0,1,165"
"1999,29,0,1,195"
"1999,28,0,1,229"
"1999,27,0,1,278"
"1999,26,0,1,296"
"1999,25,0,1,336"
"1999,24,0,1,380"
"1999,23,0,1,415"
"1999,22,0,1,470"
"1999,21,0,1,437"
"1999,20,0,1,375"
"1999,19,0,1,307"
"1999,18,0,1,203"
"1999,17,0,1,91"
"1999,16,0,1,34"
"1999,15,0,1,6"
"1999,49,1,0,0"
"1999,48,1,0,0"
"1999,47,1,0,0"
"1999,46,1,0,1"
"1999,45,1,0,0"
"1999,44,1,0,1"
"1999,43,1,0,1"
"1999,42,1,0,5"
"1999,41,1,0,8"
"1999,40,1,0,11"
"1999,39,1,0,19"
"1999,38,1,0,29"
"1999,37,1,0,35"
"1999,36,1,0,37"
"1999,35,1,0,46"
"1999,34,1,0,50"
"1999,33,1,0,60"
"1999,32,1,0,67"
"1999,31,1,0,77"
"1999,30,1,0,90"
"1999,29,1,0,106"
"1999,28,1,0,124"
"1999,27,1,0,151"
"1999,26,1,0,161"
"1999,25,1,0,183"
"1999,24,1,0,207"
"1999,23,1,0,226"
"1999,22,1,0,256"
"1999,21,1,0,238"
"1999,20,1,0,204"
"1999,19,1,0,167"
"1999,18,1,0,110"
"1999,17,1,0,49"
"1999,16,1,0,19"
"1999,15,1,0,3"
"1999,49,1,1,0"
"1999,48,1,1,0"
"1999,47,1,1,0"
"1999,46,1,1,2"
"1999,45,1,1,1"
"1999,44,1,1,2"
"1999,43,1,1,2"
"1999,42,1,1,10"
"1999,41,1,1,15"
"1999,40,1,1,21"
"1999,39,1,1,36"
"1999,38,1,1,56"
"1999,37,1,1,67"
"1999,36,1,1,71"
"1999,35,1,1,89"
"1999,34,1,1,96"
"1999,33,1,1,116"
"1999,32,1,1,129"
"1999,31,1,1,146"
"1999,30,1,1,171"
"1999,29,1,1,203"
"1999,28,1,1,237"
"1999,27,1,1,288"
"1999,26,1,1,307"
"1999,25,1,1,349"
"1999,24,1,1,394"
"1999,23,1,1,431"
"1999,22,1,1,487"
"1999,21,1,1,454"
"1999,20,1,1,389"
"1999,19,1,1,318"
"1999,18,1,1,210"
"1999,17,1,1,95"
"1999,16,1,1,36"
"1999,15,1,1,6"
"2000,15,1,1,9"
"2000,16,1,1,38"
"2000,17,1,1,94"
"2000,18,1,1,201"
"2000,19,1,1,331"
"2000,20,1,1,420"
"2000,21,1,1,460"
"2000,22,1,1,446"
"2000,23,1,1,471"
"2000,24,1,1,411"
"2000,25,1,1,372"
"2000,26,1,1,354"
"2000,27,1,1,284"
"2000,28,1,1,266"
"2000,29,1,1,214"
"2000,30,1,1,189"
"2000,31,1,1,165"
"2000,32,1,1,155"
"2000,33,1,1,126"
"2000,34,1,1,104"
"2000,35,1,1,86"
"2000,36,1,1,68"
"2000,37,1,1,69"
"2000,38,1,1,54"
"2000,39,1,1,33"
"2000,40,1,1,27"
"2000,41,1,1,15"
"2000,42,1,1,11"
"2000,43,1,1,4"
"2000,44,1,1,2"
"2000,45,1,1,1"
"2000,46,1,1,0"
"2000,47,1,1,0"
"2000,48,1,1,0"
"2000,49,1,1,0"
"2000,15,1,0,4"
"2000,16,1,0,20"
"2000,17,1,0,50"
"2000,18,1,0,106"
"2000,19,1,0,176"
"2000,20,1,0,223"
"2000,21,1,0,244"
"2000,22,1,0,237"
"2000,23,1,0,250"
"2000,24,1,0,218"
"2000,25,1,0,197"
"2000,26,1,0,187"
"2000,27,1,0,151"
"2000,28,1,0,141"
"2000,29,1,0,113"
"2000,30,1,0,100"
"2000,31,1,0,87"
"2000,32,1,0,82"
"2000,33,1,0,66"
"2000,34,1,0,55"
"2000,35,1,0,45"
"2000,36,1,0,36"
"2000,37,1,0,36"
"2000,38,1,0,28"
"2000,39,1,0,17"
"2000,40,1,0,14"
"2000,41,1,0,8"
"2000,42,1,0,6"
"2000,43,1,0,2"
"2000,44,1,0,1"
"2000,45,1,0,0"
"2000,46,1,0,0"
"2000,47,1,0,0"
"2000,48,1,0,0"
"2000,49,1,0,0"
"2000,15,0,1,8"
"2000,16,0,1,36"
"2000,17,0,1,89"
"2000,18,0,1,189"
"2000,19,0,1,313"
"2000,20,0,1,396"
"2000,21,0,1,434"
"2000,22,0,1,421"
"2000,23,0,1,444"
"2000,24,0,1,388"
"2000,25,0,1,351"
"2000,26,0,1,334"
"2000,27,0,1,268"
"2000,28,0,1,251"
"2000,29,0,1,202"
"2000,30,0,1,178"
"2000,31,0,1,155"
"2000,32,0,1,146"
"2000,33,0,1,118"
"2000,34,0,1,98"
"2000,35,0,1,81"
"2000,36,0,1,65"
"2000,37,0,1,65"
"2000,38,0,1,51"
"2000,39,0,1,31"
"2000,40,0,1,25"
"2000,41,0,1,14"
"2000,42,0,1,11"
"2000,43,0,1,3"
"2000,44,0,1,2"
"2000,45,0,1,0"
"2000,46,0,1,0"
"2000,47,0,1,0"
"2000,48,0,1,0"
"2000,49,0,1,0"
"2000,15,0,0,4"
"2000,16,0,0,18"
"2000,17,0,0,45"
"2000,18,0,0,97"
"2000,19,0,0,160"
"2000,20,0,0,203"
"2000,21,0,0,223"
"2000,22,0,0,216"
"2000,23,0,0,228"
"2000,24,0,0,199"
"2000,25,0,0,180"
"2000,26,0,0,171"
"2000,27,0,0,137"
"2000,28,0,0,129"
"2000,29,0,0,103"
"2000,30,0,0,91"
"2000,31,0,0,80"
"2000,32,0,0,75"
"2000,33,0,0,61"
"2000,34,0,0,50"
"2000,35,0,0,41"
"2000,36,0,0,33"
"2000,37,0,0,33"
"2000,38,0,0,26"
"2000,39,0,0,16"
"2000,40,0,0,13"
"2000,41,0,0,7"
"2000,42,0,0,5"
"2000,43,0,0,1"
"2000,44,0,0,1"
"2000,45,0,0,0"
"2000,46,0,0,0"
"2000,47,0,0,0"
"2000,48,0,0,0"
"2000,49,0,0,0"
"2001,49,0,0,0"
"2001,48,0,0,0"
"2001,47,0,0,0"
"2001,46,0,0,0"
"2001,45,0,0,0"
"2001,44,0,0,0"
"2001,43,0,0,3"
"2001,42,0,0,6"
"2001,41,0,0,9"
"2001,40,0,0,12"
"2001,39,0,0,21"
"2001,38,0,0,25"
"2001,37,0,0,25"
"2001,36,0,0,32"
"2001,35,0,0,47"
"2001,34,0,0,51"
"2001,33,0,0,51"
"2001,32,0,0,74"
"2001,31,0,0,82"
"2001,30,0,0,94"
"2001,29,0,0,116"
"2001,28,0,0,129"
"2001,27,0,0,141"
"2001,26,0,0,160"
"2001,25,0,0,180"
"2001,24,0,0,199"
"2001,23,0,0,220"
"2001,22,0,0,221"
"2001,21,0,0,207"
"2001,20,0,0,208"
"2001,19,0,0,154"
"2001,18,0,0,100"
"2001,17,0,0,47"
"2001,16,0,0,16"
"2001,15,0,0,3"
"2001,49,0,1,0"
"2001,48,0,1,0"
"2001,47,0,1,0"
"2001,46,0,1,0"
"2001,45,0,1,1"
"2001,44,0,1,1"
"2001,43,0,1,6"
"2001,42,0,1,13"
"2001,41,0,1,19"
"2001,40,0,1,24"
"2001,39,0,1,43"
"2001,38,0,1,51"
"2001,37,0,1,50"
"2001,36,0,1,64"
"2001,35,0,1,94"
"2001,34,0,1,103"
"2001,33,0,1,104"
"2001,32,0,1,148"
"2001,31,0,1,166"
"2001,30,0,1,189"
"2001,29,0,1,233"
"2001,28,0,1,260"
"2001,27,0,1,283"
"2001,26,0,1,322"
"2001,25,0,1,362"
"2001,24,0,1,400"
"2001,23,0,1,442"
"2001,22,0,1,444"
"2001,21,0,1,416"
"2001,20,0,1,417"
"2001,19,0,1,310"
"2001,18,0,1,201"
"2001,17,0,1,94"
"2001,16,0,1,33"
"2001,15,0,1,7"
"2001,49,1,0,0"
"2001,48,1,0,0"
"2001,47,1,0,0"
"2001,46,1,0,0"
"2001,45,1,0,0"
"2001,44,1,0,0"
"2001,43,1,0,3"
"2001,42,1,0,7"
"2001,41,1,0,10"
"2001,40,1,0,13"
"2001,39,1,0,23"
"2001,38,1,0,27"
"2001,37,1,0,27"
"2001,36,1,0,35"
"2001,35,1,0,51"
"2001,34,1,0,56"
"2001,33,1,0,56"
"2001,32,1,0,80"
"2001,31,1,0,90"
"2001,30,1,0,103"
"2001,29,1,0,127"
"2001,28,1,0,141"
"2001,27,1,0,154"
"2001,26,1,0,175"
"2001,25,1,0,197"
"2001,24,1,0,218"
"2001,23,1,0,240"
"2001,22,1,0,242"
"2001,21,1,0,227"
"2001,20,1,0,227"
"2001,19,1,0,169"
"2001,18,1,0,109"
"2001,17,1,0,51"
"2001,16,1,0,18"
"2001,15,1,0,4"
"2001,49,1,1,0"
"2001,48,1,1,0"
"2001,47,1,1,0"
"2001,46,1,1,1"
"2001,45,1,1,1"
"2001,44,1,1,1"
"2001,43,1,1,6"
"2001,42,1,1,14"
"2001,41,1,1,21"
"2001,40,1,1,26"
"2001,39,1,1,47"
"2001,38,1,1,55"
"2001,37,1,1,54"
"2001,36,1,1,70"
"2001,35,1,1,102"
"2001,34,1,1,112"
"2001,33,1,1,113"
"2001,32,1,1,161"
"2001,31,1,1,180"
"2001,30,1,1,206"
"2001,29,1,1,253"
"2001,28,1,1,282"
"2001,27,1,1,308"
"2001,26,1,1,350"
"2001,25,1,1,393"
"2001,24,1,1,434"
"2001,23,1,1,479"
"2001,22,1,1,482"
"2001,21,1,1,452"
"2001,20,1,1,453"
"2001,19,1,1,337"
"2001,18,1,1,218"
"2001,17,1,1,102"
"2001,16,1,1,36"
"2001,15,1,1,8"
"2002,15,1,1,12"
"2002,16,1,1,37"
"2002,17,1,1,89"
"2002,18,1,1,227"
"2002,19,1,1,370"
"2002,20,1,1,453"
"2002,21,1,1,491"
"2002,22,1,1,502"
"2002,23,1,1,481"
"2002,24,1,1,456"
"2002,25,1,1,414"
"2002,26,1,1,397"
"2002,27,1,1,353"
"2002,28,1,1,310"
"2002,29,1,1,263"
"2002,30,1,1,248"
"2002,31,1,1,204"
"2002,32,1,1,171"
"2002,33,1,1,152"
"2002,34,1,1,110"
"2002,35,1,1,102"
"2002,36,1,1,86"
"2002,37,1,1,66"
"2002,38,1,1,54"
"2002,39,1,1,39"
"2002,40,1,1,26"
"2002,41,1,1,19"
"2002,42,1,1,14"
"2002,43,1,1,6"
"2002,44,1,1,4"
"2002,45,1,1,1"
"2002,46,1,1,0"
"2002,47,1,1,0"
"2002,48,1,1,0"
"2002,49,1,1,0"
"2002,15,1,0,5"
"2002,16,1,0,17"
"2002,17,1,0,42"
"2002,18,1,0,107"
"2002,19,1,0,174"
"2002,20,1,0,213"
"2002,21,1,0,231"
"2002,22,1,0,237"
"2002,23,1,0,226"
"2002,24,1,0,215"
"2002,25,1,0,195"
"2002,26,1,0,187"
"2002,27,1,0,166"
"2002,28,1,0,146"
"2002,29,1,0,124"
"2002,30,1,0,117"
"2002,31,1,0,96"
"2002,32,1,0,80"
"2002,33,1,0,71"
"2002,34,1,0,52"
"2002,35,1,0,48"
"2002,36,1,0,41"
"2002,37,1,0,31"
"2002,38,1,0,25"
"2002,39,1,0,18"
"2002,40,1,0,12"
"2002,41,1,0,9"
"2002,42,1,0,7"
"2002,43,1,0,2"
"2002,44,1,0,2"
"2002,45,1,0,0"
"2002,46,1,0,0"
"2002,47,1,0,0"
"2002,48,1,0,0"
"2002,49,1,0,0"
"2002,15,0,1,11"
"2002,16,0,1,35"
"2002,17,0,1,84"
"2002,18,0,1,215"
"2002,19,0,1,349"
"2002,20,0,1,428"
"2002,21,0,1,464"
"2002,22,0,1,475"
"2002,23,0,1,454"
"2002,24,0,1,431"
"2002,25,0,1,391"
"2002,26,0,1,376"
"2002,27,0,1,334"
"2002,28,0,1,293"
"2002,29,0,1,249"
"2002,30,0,1,234"
"2002,31,0,1,193"
"2002,32,0,1,162"
"2002,33,0,1,143"
"2002,34,0,1,104"
"2002,35,0,1,96"
"2002,36,0,1,82"
"2002,37,0,1,62"
"2002,38,0,1,51"
"2002,39,0,1,37"
"2002,40,0,1,24"
"2002,41,0,1,18"
"2002,42,0,1,14"
"2002,43,0,1,5"
"2002,44,0,1,4"
"2002,45,0,1,0"
"2002,46,0,1,0"
"2002,47,0,1,0"
"2002,48,0,1,0"
"2002,49,0,1,0"
"2002,15,0,0,5"
"2002,16,0,0,17"
"2002,17,0,0,40"
"2002,18,0,0,104"
"2002,19,0,0,169"
"2002,20,0,0,207"
"2002,21,0,0,225"
"2002,22,0,0,230"
"2002,23,0,0,220"
"2002,24,0,0,209"
"2002,25,0,0,189"
"2002,26,0,0,182"
"2002,27,0,0,161"
"2002,28,0,0,142"
"2002,29,0,0,120"
"2002,30,0,0,113"
"2002,31,0,0,93"
"2002,32,0,0,78"
"2002,33,0,0,69"
"2002,34,0,0,50"
"2002,35,0,0,46"
"2002,36,0,0,39"
"2002,37,0,0,30"
"2002,38,0,0,25"
"2002,39,0,0,18"
"2002,40,0,0,11"
"2002,41,0,0,8"
"2002,42,0,0,6"
"2002,43,0,0,2"
"2002,44,0,0,2"
"2002,45,0,0,0"
"2002,46,0,0,0"
"2002,47,0,0,0"
"2002,48,0,0,0"
"2002,49,0,0,0"
"2003,49,0,0,0"
"2003,48,0,0,0"
"2003,47,0,0,0"
"2003,46,0,0,0"
"2003,45,0,0,0"
"2003,44,0,0,0"
"2003,43,0,0,1"
"2003,42,0,0,6"
"2003,41,0,0,9"
"2003,40,0,0,12"
"2003,39,0,0,16"
"2003,38,0,0,22"
"2003,37,0,0,27"
"2003,36,0,0,36"
"2003,35,0,0,45"
"2003,34,0,0,54"
"2003,33,0,0,61"
"2003,32,0,0,72"
"2003,31,0,0,100"
"2003,30,0,0,113"
"2003,29,0,0,122"
"2003,28,0,0,135"
"2003,27,0,0,151"
"2003,26,0,0,184"
"2003,25,0,0,186"
"2003,24,0,0,207"
"2003,23,0,0,213"
"2003,22,0,0,216"
"2003,21,0,0,220"
"2003,20,0,0,212"
"2003,19,0,0,163"
"2003,18,0,0,92"
"2003,17,0,0,48"
"2003,16,0,0,19"
"2003,15,0,0,4"
"2003,49,0,1,0"
"2003,48,0,1,0"
"2003,47,0,1,0"
"2003,46,0,1,0"
"2003,45,0,1,1"
"2003,44,0,1,1"
"2003,43,0,1,3"
"2003,42,0,1,14"
"2003,41,0,1,20"
"2003,40,0,1,27"
"2003,39,0,1,35"
"2003,38,0,1,49"
"2003,37,0,1,58"
"2003,36,0,1,78"
"2003,35,0,1,98"
"2003,34,0,1,117"
"2003,33,0,1,131"
"2003,32,0,1,156"
"2003,31,0,1,215"
"2003,30,0,1,243"
"2003,29,0,1,262"
"2003,28,0,1,291"
"2003,27,0,1,326"
"2003,26,0,1,396"
"2003,25,0,1,400"
"2003,24,0,1,446"
"2003,23,0,1,458"
"2003,22,0,1,464"
"2003,21,0,1,474"
"2003,20,0,1,455"
"2003,19,0,1,352"
"2003,18,0,1,198"
"2003,17,0,1,105"
"2003,16,0,1,41"
"2003,15,0,1,8"
"2003,49,1,0,0"
"2003,48,1,0,0"
"2003,47,1,0,0"
"2003,46,1,0,0"
"2003,45,1,0,0"
"2003,44,1,0,0"
"2003,43,1,0,1"
"2003,42,1,0,7"
"2003,41,1,0,10"
"2003,40,1,0,13"
"2003,39,1,0,17"
"2003,38,1,0,24"
"2003,37,1,0,29"
"2003,36,1,0,39"
"2003,35,1,0,49"
"2003,34,1,0,59"
"2003,33,1,0,66"
"2003,32,1,0,78"
"2003,31,1,0,108"
"2003,30,1,0,122"
"2003,29,1,0,132"
"2003,28,1,0,147"
"2003,27,1,0,164"
"2003,26,1,0,199"
"2003,25,1,0,202"
"2003,24,1,0,225"
"2003,23,1,0,231"
"2003,22,1,0,234"
"2003,21,1,0,239"
"2003,20,1,0,229"
"2003,19,1,0,177"
"2003,18,1,0,100"
"2003,17,1,0,53"
"2003,16,1,0,20"
"2003,15,1,0,4"
"2003,49,1,1,0"
"2003,48,1,1,0"
"2003,47,1,1,0"
"2003,46,1,1,0"
"2003,45,1,1,1"
"2003,44,1,1,1"
"2003,43,1,1,3"
"2003,42,1,1,15"
"2003,41,1,1,21"
"2003,40,1,1,29"
"2003,39,1,1,37"
"2003,38,1,1,52"
"2003,37,1,1,61"
"2003,36,1,1,83"
"2003,35,1,1,104"
"2003,34,1,1,124"
"2003,33,1,1,139"
"2003,32,1,1,165"
"2003,31,1,1,228"
"2003,30,1,1,257"
"2003,29,1,1,278"
"2003,28,1,1,309"
"2003,27,1,1,345"
"2003,26,1,1,419"
"2003,25,1,1,424"
"2003,24,1,1,472"
"2003,23,1,1,485"
"2003,22,1,1,492"
"2003,21,1,1,502"
"2003,20,1,1,483"
"2003,19,1,1,373"
"2003,18,1,1,210"
"2003,17,1,1,111"
"2003,16,1,1,43"
"2003,15,1,1,9"
"2004,15,1,1,9"
"2004,16,1,1,43"
"2004,17,1,1,112"
"2004,18,1,1,218"
"2004,19,1,1,356"
"2004,20,1,1,461"
"2004,21,1,1,491"
"2004,22,1,1,470"
"2004,23,1,1,503"
"2004,24,1,1,451"
"2004,25,1,1,410"
"2004,26,1,1,387"
"2004,27,1,1,376"
"2004,28,1,1,331"
"2004,29,1,1,299"
"2004,30,1,1,251"
"2004,31,1,1,223"
"2004,32,1,1,193"
"2004,33,1,1,155"
"2004,34,1,1,137"
"2004,35,1,1,109"
"2004,36,1,1,83"
"2004,37,1,1,68"
"2004,38,1,1,52"
"2004,39,1,1,40"
"2004,40,1,1,27"
"2004,41,1,1,19"
"2004,42,1,1,13"
"2004,43,1,1,7"
"2004,44,1,1,3"
"2004,45,1,1,2"
"2004,46,1,1,1"
"2004,47,1,1,0"
"2004,48,1,1,0"
"2004,49,1,1,0"
"2004,15,1,0,4"
"2004,16,1,0,21"
"2004,17,1,0,55"
"2004,18,1,0,108"
"2004,19,1,0,176"
"2004,20,1,0,228"
"2004,21,1,0,243"
"2004,22,1,0,233"
"2004,23,1,0,249"
"2004,24,1,0,223"
"2004,25,1,0,203"
"2004,26,1,0,192"
"2004,27,1,0,186"
"2004,28,1,0,163"
"2004,29,1,0,148"
"2004,30,1,0,124"
"2004,31,1,0,110"
"2004,32,1,0,95"
"2004,33,1,0,76"
"2004,34,1,0,68"
"2004,35,1,0,54"
"2004,36,1,0,41"
"2004,37,1,0,33"
"2004,38,1,0,26"
"2004,39,1,0,20"
"2004,40,1,0,13"
"2004,41,1,0,9"
"2004,42,1,0,6"
"2004,43,1,0,3"
"2004,44,1,0,1"
"2004,45,1,0,1"
"2004,46,1,0,0"
"2004,47,1,0,0"
"2004,48,1,0,0"
"2004,49,1,0,0"
"2004,15,0,1,8"
"2004,16,0,1,41"
"2004,17,0,1,106"
"2004,18,0,1,207"
"2004,19,0,1,338"
"2004,20,0,1,438"
"2004,21,0,1,467"
"2004,22,0,1,446"
"2004,23,0,1,478"
"2004,24,0,1,428"
"2004,25,0,1,389"
"2004,26,0,1,368"
"2004,27,0,1,357"
"2004,28,0,1,314"
"2004,29,0,1,284"
"2004,30,0,1,238"
"2004,31,0,1,212"
"2004,32,0,1,183"
"2004,33,0,1,147"
"2004,34,0,1,130"
"2004,35,0,1,104"
"2004,36,0,1,79"
"2004,37,0,1,64"
"2004,38,0,1,49"
"2004,39,0,1,38"
"2004,40,0,1,26"
"2004,41,0,1,18"
"2004,42,0,1,12"
"2004,43,0,1,7"
"2004,44,0,1,3"
"2004,45,0,1,2"
"2004,46,0,1,1"
"2004,47,0,1,0"
"2004,48,0,1,0"
"2004,49,0,1,0"
"2004,15,0,0,3"
"2004,16,0,0,19"
"2004,17,0,0,49"
"2004,18,0,0,96"
"2004,19,0,0,157"
"2004,20,0,0,204"
"2004,21,0,0,217"
"2004,22,0,0,208"
"2004,23,0,0,222"
"2004,24,0,0,199"
"2004,25,0,0,181"
"2004,26,0,0,171"
"2004,27,0,0,166"
"2004,28,0,0,146"
"2004,29,0,0,132"
"2004,30,0,0,111"
"2004,31,0,0,98"
"2004,32,0,0,85"
"2004,33,0,0,68"
"2004,34,0,0,60"
"2004,35,0,0,48"
"2004,36,0,0,37"
"2004,37,0,0,30"
"2004,38,0,0,23"
"2004,39,0,0,18"
"2004,40,0,0,12"
"2004,41,0,0,8"
"2004,42,0,0,5"
"2004,43,0,0,3"
"2004,44,0,0,1"
"2004,45,0,0,1"
"2004,46,0,0,0"
"2004,47,0,0,0"
"2004,48,0,0,0"
"2004,49,0,0,0"
"2005,49,0,0,0"
"2005,48,0,0,0"
"2005,47,0,0,0"
"2005,46,0,0,0"
"2005,45,0,0,0"
"2005,44,0,0,3"
"2005,43,0,0,3"
"2005,42,0,0,7"
"2005,41,0,0,7"
"2005,40,0,0,10"
"2005,39,0,0,15"
"2005,38,0,0,23"
"2005,37,0,0,28"
"2005,36,0,0,35"
"2005,35,0,0,50"
"2005,34,0,0,56"
"2005,33,0,0,69"
"2005,32,0,0,85"
"2005,31,0,0,98"
"2005,30,0,0,116"
"2005,29,0,0,129"
"2005,28,0,0,141"
"2005,27,0,0,147"
"2005,26,0,0,175"
"2005,25,0,0,185"
"2005,24,0,0,197"
"2005,23,0,0,209"
"2005,22,0,0,208"
"2005,21,0,0,222"
"2005,20,0,0,190"
"2005,19,0,0,142"
"2005,18,0,0,94"
"2005,17,0,0,46"
"2005,16,0,0,16"
"2005,15,0,0,3"
"2005,49,0,1,0"
"2005,48,0,1,0"
"2005,47,0,1,0"
"2005,46,0,1,0"
"2005,45,0,1,1"
"2005,44,0,1,6"
"2005,43,0,1,6"
"2005,42,0,1,15"
"2005,41,0,1,15"
"2005,40,0,1,22"
"2005,39,0,1,31"
"2005,38,0,1,48"
"2005,37,0,1,59"
"2005,36,0,1,74"
"2005,35,0,1,105"
"2005,34,0,1,116"
"2005,33,0,1,144"
"2005,32,0,1,176"
"2005,31,0,1,203"
"2005,30,0,1,242"
"2005,29,0,1,267"
"2005,28,0,1,293"
"2005,27,0,1,306"
"2005,26,0,1,364"
"2005,25,0,1,385"
"2005,24,0,1,409"
"2005,23,0,1,433"
"2005,22,0,1,432"
"2005,21,0,1,461"
"2005,20,0,1,394"
"2005,19,0,1,295"
"2005,18,0,1,196"
"2005,17,0,1,96"
"2005,16,0,1,34"
"2005,15,0,1,8"
"2005,49,1,0,0"
"2005,48,1,0,0"
"2005,47,1,0,0"
"2005,46,1,0,0"
"2005,45,1,0,0"
"2005,44,1,0,3"
"2005,43,1,0,3"
"2005,42,1,0,7"
"2005,41,1,0,7"
"2005,40,1,0,11"
"2005,39,1,0,16"
"2005,38,1,0,25"
"2005,37,1,0,30"
"2005,36,1,0,37"
"2005,35,1,0,53"
"2005,34,1,0,59"
"2005,33,1,0,73"
"2005,32,1,0,90"
"2005,31,1,0,103"
"2005,30,1,0,123"
"2005,29,1,0,136"
"2005,28,1,0,149"
"2005,27,1,0,156"
"2005,26,1,0,185"
"2005,25,1,0,196"
"2005,24,1,0,208"
"2005,23,1,0,221"
"2005,22,1,0,220"
"2005,21,1,0,235"
"2005,20,1,0,201"
"2005,19,1,0,151"
"2005,18,1,0,100"
"2005,17,1,0,49"
"2005,16,1,0,17"
"2005,15,1,0,4"
"2005,49,1,1,0"
"2005,48,1,1,0"
"2005,47,1,1,0"
"2005,46,1,1,1"
"2005,45,1,1,1"
"2005,44,1,1,6"
"2005,43,1,1,7"
"2005,42,1,1,15"
"2005,41,1,1,15"
"2005,40,1,1,23"
"2005,39,1,1,33"
"2005,38,1,1,51"
"2005,37,1,1,62"
"2005,36,1,1,77"
"2005,35,1,1,110"
"2005,34,1,1,122"
"2005,33,1,1,151"
"2005,32,1,1,185"
"2005,31,1,1,213"
"2005,30,1,1,254"
"2005,29,1,1,280"
"2005,28,1,1,307"
"2005,27,1,1,321"
"2005,26,1,1,381"
"2005,25,1,1,403"
"2005,24,1,1,429"
"2005,23,1,1,454"
"2005,22,1,1,452"
"2005,21,1,1,484"
"2005,20,1,1,414"
"2005,19,1,1,310"
"2005,18,1,1,205"
"2005,17,1,1,101"
"2005,16,1,1,36"
"2005,15,1,1,8"
"2006,15,1,1,9"
"2006,16,1,1,34"
"2006,17,1,1,101"
"2006,18,1,1,202"
"2006,19,1,1,358"
"2006,20,1,1,384"
"2006,21,1,1,433"
"2006,22,1,1,475"
"2006,23,1,1,478"
"2006,24,1,1,433"
"2006,25,1,1,403"
"2006,26,1,1,369"
"2006,27,1,1,351"
"2006,28,1,1,301"
"2006,29,1,1,275"
"2006,30,1,1,271"
"2006,31,1,1,204"
"2006,32,1,1,189"
"2006,33,1,1,151"
"2006,34,1,1,131"
"2006,35,1,1,109"
"2006,36,1,1,88"
"2006,37,1,1,65"
"2006,38,1,1,45"
"2006,39,1,1,34"
"2006,40,1,1,27"
"2006,41,1,1,13"
"2006,42,1,1,10"
"2006,43,1,1,5"
"2006,44,1,1,3"
"2006,45,1,1,2"
"2006,46,1,1,0"
"2006,47,1,1,0"
"2006,48,1,1,0"
"2006,49,1,1,0"
"2006,15,1,0,4"
"2006,16,1,0,17"
"2006,17,1,0,52"
"2006,18,1,0,104"
"2006,19,1,0,185"
"2006,20,1,0,198"
"2006,21,1,0,223"
"2006,22,1,0,245"
"2006,23,1,0,247"
"2006,24,1,0,223"
"2006,25,1,0,208"
"2006,26,1,0,190"
"2006,27,1,0,181"
"2006,28,1,0,155"
"2006,29,1,0,142"
"2006,30,1,0,140"
"2006,31,1,0,105"
"2006,32,1,0,98"
"2006,33,1,0,78"
"2006,34,1,0,67"
"2006,35,1,0,56"
"2006,36,1,0,45"
"2006,37,1,0,33"
"2006,38,1,0,23"
"2006,39,1,0,17"
"2006,40,1,0,14"
"2006,41,1,0,7"
"2006,42,1,0,5"
"2006,43,1,0,2"
"2006,44,1,0,1"
"2006,45,1,0,1"
"2006,46,1,0,0"
"2006,47,1,0,0"
"2006,48,1,0,0"
"2006,49,1,0,0"
"2006,15,0,1,8"
"2006,16,0,1,32"
"2006,17,0,1,93"
"2006,18,0,1,188"
"2006,19,0,1,332"
"2006,20,0,1,356"
"2006,21,0,1,402"
"2006,22,0,1,441"
"2006,23,0,1,444"
"2006,24,0,1,402"
"2006,25,0,1,374"
"2006,26,0,1,342"
"2006,27,0,1,326"
"2006,28,0,1,279"
"2006,29,0,1,255"
"2006,30,0,1,252"
"2006,31,0,1,189"
"2006,32,0,1,176"
"2006,33,0,1,141"
"2006,34,0,1,122"
"2006,35,0,1,101"
"2006,36,0,1,81"
"2006,37,0,1,60"
"2006,38,0,1,42"
"2006,39,0,1,32"
"2006,40,0,1,25"
"2006,41,0,1,12"
"2006,42,0,1,10"
"2006,43,0,1,5"
"2006,44,0,1,2"
"2006,45,0,1,1"
"2006,46,0,1,0"
"2006,47,0,1,0"
"2006,48,0,1,0"
"2006,49,0,1,0"
"2006,15,0,0,4"
"2006,16,0,0,16"
"2006,17,0,0,48"
"2006,18,0,0,98"
"2006,19,0,0,173"
"2006,20,0,0,185"
"2006,21,0,0,209"
"2006,22,0,0,229"
"2006,23,0,0,231"
"2006,24,0,0,209"
"2006,25,0,0,195"
"2006,26,0,0,178"
"2006,27,0,0,169"
"2006,28,0,0,145"
"2006,29,0,0,133"
"2006,30,0,0,131"
"2006,31,0,0,98"
"2006,32,0,0,91"
"2006,33,0,0,73"
"2006,34,0,0,63"
"2006,35,0,0,52"
"2006,36,0,0,42"
"2006,37,0,0,31"
"2006,38,0,0,21"
"2006,39,0,0,16"
"2006,40,0,0,13"
"2006,41,0,0,6"
"2006,42,0,0,5"
"2006,43,0,0,2"
"2006,44,0,0,1"
"2006,45,0,0,0"
"2006,46,0,0,0"
"2006,47,0,0,0"
"2006,48,0,0,0"
"2006,49,0,0,0"
"2007,49,0,0,0"
"2007,48,0,0,0"
"2007,47,0,0,0"
"2007,46,0,0,0"
"2007,45,0,0,0"
"2007,44,0,0,2"
"2007,43,0,0,4"
"2007,42,0,0,7"
"2007,41,0,0,11"
"2007,40,0,0,12"
"2007,39,0,0,22"
"2007,38,0,0,28"
"2007,37,0,0,38"
"2007,36,0,0,57"
"2007,35,0,0,71"
"2007,34,0,0,83"
"2007,33,0,0,99"
"2007,32,0,0,115"
"2007,31,0,0,143"
"2007,30,0,0,162"
"2007,29,0,0,178"
"2007,28,0,0,184"
"2007,27,0,0,191"
"2007,26,0,0,211"
"2007,25,0,0,219"
"2007,24,0,0,253"
"2007,23,0,0,256"
"2007,22,0,0,235"
"2007,21,0,0,225"
"2007,20,0,0,221"
"2007,19,0,0,171"
"2007,18,0,0,92"
"2007,17,0,0,50"
"2007,16,0,0,18"
"2007,15,0,0,4"
"2007,49,0,1,0"
"2007,48,0,1,0"
"2007,47,0,1,0"
"2007,46,0,1,0"
"2007,45,0,1,1"
"2007,44,0,1,4"
"2007,43,0,1,9"
"2007,42,0,1,13"
"2007,41,0,1,21"
"2007,40,0,1,23"
"2007,39,0,1,41"
"2007,38,0,1,52"
"2007,37,0,1,70"
"2007,36,0,1,104"
"2007,35,0,1,130"
"2007,34,0,1,151"
"2007,33,0,1,181"
"2007,32,0,1,210"
"2007,31,0,1,261"
"2007,30,0,1,295"
"2007,29,0,1,325"
"2007,28,0,1,336"
"2007,27,0,1,348"
"2007,26,0,1,385"
"2007,25,0,1,399"
"2007,24,0,1,461"
"2007,23,0,1,467"
"2007,22,0,1,429"
"2007,21,0,1,410"
"2007,20,0,1,404"
"2007,19,0,1,312"
"2007,18,0,1,169"
"2007,17,0,1,92"
"2007,16,0,1,33"
"2007,15,0,1,7"
"2007,49,1,0,0"
"2007,48,1,0,0"
"2007,47,1,0,0"
"2007,46,1,0,0"
"2007,45,1,0,0"
"2007,44,1,0,2"
"2007,43,1,0,5"
"2007,42,1,0,7"
"2007,41,1,0,12"
"2007,40,1,0,13"
"2007,39,1,0,24"
"2007,38,1,0,31"
"2007,37,1,0,41"
"2007,36,1,0,62"
"2007,35,1,0,77"
"2007,34,1,0,89"
"2007,33,1,0,108"
"2007,32,1,0,125"
"2007,31,1,0,155"
"2007,30,1,0,175"
"2007,29,1,0,193"
"2007,28,1,0,199"
"2007,27,1,0,207"
"2007,26,1,0,229"
"2007,25,1,0,237"
"2007,24,1,0,273"
"2007,23,1,0,277"
"2007,22,1,0,254"
"2007,21,1,0,243"
"2007,20,1,0,239"
"2007,19,1,0,185"
"2007,18,1,0,100"
"2007,17,1,0,55"
"2007,16,1,0,19"
"2007,15,1,0,4"
"2007,49,1,1,0"
"2007,48,1,1,0"
"2007,47,1,1,0"
"2007,46,1,1,0"
"2007,45,1,1,1"
"2007,44,1,1,4"
"2007,43,1,1,9"
"2007,42,1,1,14"
"2007,41,1,1,22"
"2007,40,1,1,24"
"2007,39,1,1,43"
"2007,38,1,1,55"
"2007,37,1,1,73"
"2007,36,1,1,109"
"2007,35,1,1,136"
"2007,34,1,1,158"
"2007,33,1,1,191"
"2007,32,1,1,221"
"2007,31,1,1,274"
"2007,30,1,1,310"
"2007,29,1,1,342"
"2007,28,1,1,353"
"2007,27,1,1,366"
"2007,26,1,1,405"
"2007,25,1,1,419"
"2007,24,1,1,484"
"2007,23,1,1,491"
"2007,22,1,1,451"
"2007,21,1,1,431"
"2007,20,1,1,424"
"2007,19,1,1,328"
"2007,18,1,1,178"
"2007,17,1,1,97"
"2007,16,1,1,34"
"2007,15,1,1,8"
"2008,15,1,1,7"
"2008,16,1,1,28"
"2008,17,1,1,92"
"2008,18,1,1,166"
"2008,19,1,1,297"
"2008,20,1,1,380"
"2008,21,1,1,453"
"2008,22,1,1,471"
"2008,23,1,1,445"
"2008,24,1,1,469"
"2008,25,1,1,465"
"2008,26,1,1,412"
"2008,27,1,1,391"
"2008,28,1,1,372"
"2008,29,1,1,344"
"2008,30,1,1,318"
"2008,31,1,1,294"
"2008,32,1,1,248"
"2008,33,1,1,234"
"2008,34,1,1,192"
"2008,35,1,1,149"
"2008,36,1,1,129"
"2008,37,1,1,100"
"2008,38,1,1,79"
"2008,39,1,1,52"
"2008,40,1,1,34"
"2008,41,1,1,25"
"2008,42,1,1,13"
"2008,43,1,1,8"
"2008,44,1,1,4"
"2008,45,1,1,1"
"2008,46,1,1,1"
"2008,47,1,1,0"
"2008,48,1,1,0"
"2008,49,1,1,0"
"2008,15,1,0,4"
"2008,16,1,0,16"
"2008,17,1,0,52"
"2008,18,1,0,95"
"2008,19,1,0,171"
"2008,20,1,0,218"
"2008,21,1,0,261"
"2008,22,1,0,271"
"2008,23,1,0,256"
"2008,24,1,0,270"
"2008,25,1,0,267"
"2008,26,1,0,237"
"2008,27,1,0,224"
"2008,28,1,0,214"
"2008,29,1,0,198"
"2008,30,1,0,182"
"2008,31,1,0,169"
"2008,32,1,0,143"
"2008,33,1,0,134"
"2008,34,1,0,110"
"2008,35,1,0,85"
"2008,36,1,0,74"
"2008,37,1,0,58"
"2008,38,1,0,45"
"2008,39,1,0,30"
"2008,40,1,0,19"
"2008,41,1,0,14"
"2008,42,1,0,7"
"2008,43,1,0,4"
"2008,44,1,0,2"
"2008,45,1,0,0"
"2008,46,1,0,0"
"2008,47,1,0,0"
"2008,48,1,0,0"
"2008,49,1,0,0"
"2008,15,0,1,6"
"2008,16,0,1,26"
"2008,17,0,1,85"
"2008,18,0,1,154"
"2008,19,0,1,275"
"2008,20,0,1,352"
"2008,21,0,1,420"
"2008,22,0,1,436"
"2008,23,0,1,412"
"2008,24,0,1,435"
"2008,25,0,1,430"
"2008,26,0,1,382"
"2008,27,0,1,362"
"2008,28,0,1,345"
"2008,29,0,1,319"
"2008,30,0,1,294"
"2008,31,0,1,272"
"2008,32,0,1,230"
"2008,33,0,1,217"
"2008,34,0,1,178"
"2008,35,0,1,138"
"2008,36,0,1,120"
"2008,37,0,1,93"
"2008,38,0,1,73"
"2008,39,0,1,48"
"2008,40,0,1,31"
"2008,41,0,1,23"
"2008,42,0,1,12"
"2008,43,0,1,7"
"2008,44,0,1,4"
"2008,45,0,1,1"
"2008,46,0,1,1"
"2008,47,0,1,0"
"2008,48,0,1,0"
"2008,49,0,1,0"
"2008,15,0,0,3"
"2008,16,0,0,15"
"2008,17,0,0,50"
"2008,18,0,0,91"
"2008,19,0,0,163"
"2008,20,0,0,209"
"2008,21,0,0,250"
"2008,22,0,0,259"
"2008,23,0,0,245"
"2008,24,0,0,258"
"2008,25,0,0,256"
"2008,26,0,0,227"
"2008,27,0,0,215"
"2008,28,0,0,205"
"2008,29,0,0,190"
"2008,30,0,0,175"
"2008,31,0,0,162"
"2008,32,0,0,137"
"2008,33,0,0,129"
"2008,34,0,0,106"
"2008,35,0,0,82"
"2008,36,0,0,71"
"2008,37,0,0,55"
"2008,38,0,0,43"
"2008,39,0,0,29"
"2008,40,0,0,18"
"2008,41,0,0,13"
"2008,42,0,0,7"
"2008,43,0,0,4"
"2008,44,0,0,2"
"2008,45,0,0,0"
"2008,46,0,0,0"
"2008,47,0,0,0"
"2008,48,0,0,0"
"2008,49,0,0,0"
"2009,49,0,0,0"
"2009,48,0,0,0"
"2009,47,0,0,0"
"2009,46,0,0,0"
"2009,45,0,0,1"
"2009,44,0,0,3"
"2009,43,0,0,3"
"2009,42,0,0,6"
"2009,41,0,0,14"
"2009,40,0,0,18"
"2009,39,0,0,31"
"2009,38,0,0,42"
"2009,37,0,0,58"
"2009,36,0,0,71"
"2009,35,0,0,96"
"2009,34,0,0,112"
"2009,33,0,0,142"
"2009,32,0,0,155"
"2009,31,0,0,159"
"2009,30,0,0,190"
"2009,29,0,0,199"
"2009,28,0,0,206"
"2009,27,0,0,231"
"2009,26,0,0,256"
"2009,25,0,0,268"
"2009,24,0,0,269"
"2009,23,0,0,258"
"2009,22,0,0,252"
"2009,21,0,0,240"
"2009,20,0,0,192"
"2009,19,0,0,151"
"2009,18,0,0,92"
"2009,17,0,0,44"
"2009,16,0,0,13"
"2009,15,0,0,3"
"2009,49,0,1,0"
"2009,48,0,1,0"
"2009,47,0,1,0"
"2009,46,0,1,1"
"2009,45,0,1,2"
"2009,44,0,1,5"
"2009,43,0,1,6"
"2009,42,0,1,10"
"2009,41,0,1,24"
"2009,40,0,1,32"
"2009,39,0,1,55"
"2009,38,0,1,73"
"2009,37,0,1,101"
"2009,36,0,1,124"
"2009,35,0,1,167"
"2009,34,0,1,195"
"2009,33,0,1,248"
"2009,32,0,1,271"
"2009,31,0,1,277"
"2009,30,0,1,331"
"2009,29,0,1,347"
"2009,28,0,1,359"
"2009,27,0,1,403"
"2009,26,0,1,446"
"2009,25,0,1,466"
"2009,24,0,1,468"
"2009,23,0,1,449"
"2009,22,0,1,439"
"2009,21,0,1,418"
"2009,20,0,1,335"
"2009,19,0,1,262"
"2009,18,0,1,161"
"2009,17,0,1,78"
"2009,16,0,1,22"
"2009,15,0,1,6"
"2009,49,1,0,0"
"2009,48,1,0,0"
"2009,47,1,0,0"
"2009,46,1,0,0"
"2009,45,1,0,1"
"2009,44,1,0,3"
"2009,43,1,0,4"
"2009,42,1,0,6"
"2009,41,1,0,14"
"2009,40,1,0,19"
"2009,39,1,0,32"
"2009,38,1,0,43"
"2009,37,1,0,60"
"2009,36,1,0,73"
"2009,35,1,0,98"
"2009,34,1,0,115"
"2009,33,1,0,146"
"2009,32,1,0,160"
"2009,31,1,0,164"
"2009,30,1,0,196"
"2009,29,1,0,205"
"2009,28,1,0,212"
"2009,27,1,0,238"
"2009,26,1,0,264"
"2009,25,1,0,276"
"2009,24,1,0,277"
"2009,23,1,0,265"
"2009,22,1,0,260"
"2009,21,1,0,247"
"2009,20,1,0,198"
"2009,19,1,0,155"
"2009,18,1,0,95"
"2009,17,1,0,46"
"2009,16,1,0,13"
"2009,15,1,0,3"
"2009,49,1,1,0"
"2009,48,1,1,0"
"2009,47,1,1,0"
"2009,46,1,1,1"
"2009,45,1,1,2"
"2009,44,1,1,5"
"2009,43,1,1,7"
"2009,42,1,1,11"
"2009,41,1,1,25"
"2009,40,1,1,33"
"2009,39,1,1,57"
"2009,38,1,1,76"
"2009,37,1,1,104"
"2009,36,1,1,128"
"2009,35,1,1,172"
"2009,34,1,1,201"
"2009,33,1,1,256"
"2009,32,1,1,280"
"2009,31,1,1,286"
"2009,30,1,1,342"
"2009,29,1,1,358"
"2009,28,1,1,371"
"2009,27,1,1,416"
"2009,26,1,1,461"
"2009,25,1,1,482"
"2009,24,1,1,484"
"2009,23,1,1,464"
"2009,22,1,1,454"
"2009,21,1,1,432"
"2009,20,1,1,346"
"2009,19,1,1,271"
"2009,18,1,1,166"
"2009,17,1,1,80"
"2009,16,1,1,23"
"2009,15,1,1,6"
"2010,15,1,1,5"
"2010,16,1,1,23"
"2010,17,1,1,64"
"2010,18,1,1,132"
"2010,19,1,1,233"
"2010,20,1,1,324"
"2010,21,1,1,371"
"2010,22,1,1,436"
"2010,23,1,1,491"
"2010,24,1,1,479"
"2010,25,1,1,498"
"2010,26,1,1,487"
"2010,27,1,1,485"
"2010,28,1,1,412"
"2010,29,1,1,409"
"2010,30,1,1,356"
"2010,31,1,1,322"
"2010,32,1,1,295"
"2010,33,1,1,260"
"2010,34,1,1,232"
"2010,35,1,1,194"
"2010,36,1,1,153"
"2010,37,1,1,119"
"2010,38,1,1,80"
"2010,39,1,1,61"
"2010,40,1,1,47"
"2010,41,1,1,27"
"2010,42,1,1,12"
"2010,43,1,1,12"
"2010,44,1,1,5"
"2010,45,1,1,1"
"2010,46,1,1,1"
"2010,47,1,1,0"
"2010,48,1,1,0"
"2010,49,1,1,0"
"2010,15,1,0,3"
"2010,16,1,0,13"
"2010,17,1,0,37"
"2010,18,1,0,77"
"2010,19,1,0,136"
"2010,20,1,0,189"
"2010,21,1,0,216"
"2010,22,1,0,254"
"2010,23,1,0,286"
"2010,24,1,0,280"
"2010,25,1,0,290"
"2010,26,1,0,284"
"2010,27,1,0,283"
"2010,28,1,0,240"
"2010,29,1,0,238"
"2010,30,1,0,207"
"2010,31,1,0,188"
"2010,32,1,0,172"
"2010,33,1,0,152"
"2010,34,1,0,135"
"2010,35,1,0,113"
"2010,36,1,0,89"
"2010,37,1,0,69"
"2010,38,1,0,47"
"2010,39,1,0,35"
"2010,40,1,0,27"
"2010,41,1,0,15"
"2010,42,1,0,7"
"2010,43,1,0,7"
"2010,44,1,0,3"
"2010,45,1,0,0"
"2010,46,1,0,0"
"2010,47,1,0,0"
"2010,48,1,0,0"
"2010,49,1,0,0"
"2010,15,0,1,5"
"2010,16,0,1,21"
"2010,17,0,1,61"
"2010,18,0,1,125"
"2010,19,0,1,221"
"2010,20,0,1,307"
"2010,21,0,1,351"
"2010,22,0,1,413"
"2010,23,0,1,465"
"2010,24,0,1,454"
"2010,25,0,1,471"
"2010,26,0,1,461"
"2010,27,0,1,459"
"2010,28,0,1,390"
"2010,29,0,1,387"
"2010,30,0,1,337"
"2010,31,0,1,305"
"2010,32,0,1,280"
"2010,33,0,1,246"
"2010,34,0,1,220"
"2010,35,0,1,184"
"2010,36,0,1,144"
"2010,37,0,1,113"
"2010,38,0,1,76"
"2010,39,0,1,58"
"2010,40,0,1,45"
"2010,41,0,1,25"
"2010,42,0,1,12"
"2010,43,0,1,11"
"2010,44,0,1,4"
"2010,45,0,1,1"
"2010,46,0,1,1"
"2010,47,0,1,0"
"2010,48,0,1,0"
"2010,49,0,1,0"
"2010,15,0,0,3"
"2010,16,0,0,12"
"2010,17,0,0,35"
"2010,18,0,0,72"
"2010,19,0,0,127"
"2010,20,0,0,177"
"2010,21,0,0,203"
"2010,22,0,0,239"
"2010,23,0,0,269"
"2010,24,0,0,262"
"2010,25,0,0,272"
"2010,26,0,0,267"
"2010,27,0,0,266"
"2010,28,0,0,226"
"2010,29,0,0,224"
"2010,30,0,0,195"
"2010,31,0,0,176"
"2010,32,0,0,162"
"2010,33,0,0,142"
"2010,34,0,0,127"
"2010,35,0,0,106"
"2010,36,0,0,83"
"2010,37,0,0,65"
"2010,38,0,0,44"
"2010,39,0,0,33"
"2010,40,0,0,26"
"2010,41,0,0,14"
"2010,42,0,0,7"
"2010,43,0,0,6"
"2010,44,0,0,2"
"2010,45,0,0,0"
"2010,46,0,0,0"
"2010,47,0,0,0"
"2010,48,0,0,0"
"2010,49,0,0,0"
"2011,49,0,0,0"
"2011,48,0,0,0"
"2011,47,0,0,0"
"2011,46,0,0,1"
"2011,45,0,0,1"
"2011,44,0,0,3"
"2011,43,0,0,4"
"2011,42,0,0,10"
"2011,41,0,0,17"
"2011,40,0,0,25"
"2011,39,0,0,37"
"2011,38,0,0,54"
"2011,37,0,0,76"
"2011,36,0,0,87"
"2011,35,0,0,118"
"2011,34,0,0,120"
"2011,33,0,0,146"
"2011,32,0,0,162"
"2011,31,0,0,192"
"2011,30,0,0,211"
"2011,29,0,0,214"
"2011,28,0,0,252"
"2011,27,0,0,257"
"2011,26,0,0,268"
"2011,25,0,0,266"
"2011,24,0,0,285"
"2011,23,0,0,272"
"2011,22,0,0,217"
"2011,21,0,0,202"
"2011,20,0,0,150"
"2011,19,0,0,109"
"2011,18,0,0,63"
"2011,17,0,0,31"
"2011,16,0,0,11"
"2011,15,0,0,3"
"2011,49,0,1,0"
"2011,48,0,1,0"
"2011,47,0,1,0"
"2011,46,0,1,2"
"2011,45,0,1,3"
"2011,44,0,1,5"
"2011,43,0,1,7"
"2011,42,0,1,19"
"2011,41,0,1,31"
"2011,40,0,1,44"
"2011,39,0,1,66"
"2011,38,0,1,95"
"2011,37,0,1,133"
"2011,36,0,1,151"
"2011,35,0,1,206"
"2011,34,0,1,210"
"2011,33,0,1,255"
"2011,32,0,1,282"
"2011,31,0,1,334"
"2011,30,0,1,369"
"2011,29,0,1,373"
"2011,28,0,1,439"
"2011,27,0,1,448"
"2011,26,0,1,468"
"2011,25,0,1,464"
"2011,24,0,1,497"
"2011,23,0,1,474"
"2011,22,0,1,379"
"2011,21,0,1,352"
"2011,20,0,1,261"
"2011,19,0,1,191"
"2011,18,0,1,110"
"2011,17,0,1,54"
"2011,16,0,1,19"
"2011,15,0,1,6"
"2011,49,1,0,0"
"2011,48,1,0,0"
"2011,47,1,0,0"
"2011,46,1,0,1"
"2011,45,1,0,1"
"2011,44,1,0,3"
"2011,43,1,0,4"
"2011,42,1,0,11"
"2011,41,1,0,19"
"2011,40,1,0,27"
"2011,39,1,0,41"
"2011,38,1,0,59"
"2011,37,1,0,83"
"2011,36,1,0,94"
"2011,35,1,0,128"
"2011,34,1,0,130"
"2011,33,1,0,159"
"2011,32,1,0,175"
"2011,31,1,0,208"
"2011,30,1,0,229"
"2011,29,1,0,232"
"2011,28,1,0,273"
"2011,27,1,0,279"
"2011,26,1,0,291"
"2011,25,1,0,289"
"2011,24,1,0,309"
"2011,23,1,0,295"
"2011,22,1,0,236"
"2011,21,1,0,219"
"2011,20,1,0,162"
"2011,19,1,0,119"
"2011,18,1,0,68"
"2011,17,1,0,33"
"2011,16,1,0,12"
"2011,15,1,0,3"
"2011,49,1,1,0"
"2011,48,1,1,0"
"2011,47,1,1,0"
"2011,46,1,1,2"
"2011,45,1,1,3"
"2011,44,1,1,5"
"2011,43,1,1,7"
"2011,42,1,1,19"
"2011,41,1,1,32"
"2011,40,1,1,46"
"2011,39,1,1,68"
"2011,38,1,1,99"
"2011,37,1,1,139"
"2011,36,1,1,158"
"2011,35,1,1,215"
"2011,34,1,1,219"
"2011,33,1,1,266"
"2011,32,1,1,294"
"2011,31,1,1,349"
"2011,30,1,1,385"
"2011,29,1,1,390"
"2011,28,1,1,458"
"2011,27,1,1,468"
"2011,26,1,1,489"
"2011,25,1,1,484"
"2011,24,1,1,519"
"2011,23,1,1,495"
"2011,22,1,1,396"
"2011,21,1,1,367"
"2011,20,1,1,272"
"2011,19,1,1,199"
"2011,18,1,1,115"
"2011,17,1,1,56"
"2011,16,1,1,20"
"2011,15,1,1,6"
"2012,15,1,1,8"
"2012,16,1,1,18"
"2012,17,1,1,57"
"2012,18,1,1,105"
"2012,19,1,1,206"
"2012,20,1,1,299"
"2012,21,1,1,344"
"2012,22,1,1,402"
"2012,23,1,1,479"
"2012,24,1,1,529"
"2012,25,1,1,596"
"2012,26,1,1,521"
"2012,27,1,1,504"
"2012,28,1,1,497"
"2012,29,1,1,454"
"2012,30,1,1,416"
"2012,31,1,1,376"
"2012,32,1,1,312"
"2012,33,1,1,291"
"2012,34,1,1,261"
"2012,35,1,1,225"
"2012,36,1,1,202"
"2012,37,1,1,158"
"2012,38,1,1,122"
"2012,39,1,1,86"
"2012,40,1,1,57"
"2012,41,1,1,39"
"2012,42,1,1,25"
"2012,43,1,1,10"
"2012,44,1,1,5"
"2012,45,1,1,3"
"2012,46,1,1,1"
"2012,47,1,1,0"
"2012,48,1,1,0"
"2012,49,1,1,0"
"2012,15,1,0,4"
"2012,16,1,0,10"
"2012,17,1,0,31"
"2012,18,1,0,59"
"2012,19,1,0,115"
"2012,20,1,0,167"
"2012,21,1,0,192"
"2012,22,1,0,225"
"2012,23,1,0,268"
"2012,24,1,0,296"
"2012,25,1,0,333"
"2012,26,1,0,291"
"2012,27,1,0,282"
"2012,28,1,0,278"
"2012,29,1,0,254"
"2012,30,1,0,233"
"2012,31,1,0,210"
"2012,32,1,0,175"
"2012,33,1,0,163"
"2012,34,1,0,146"
"2012,35,1,0,126"
"2012,36,1,0,113"
"2012,37,1,0,88"
"2012,38,1,0,68"
"2012,39,1,0,48"
"2012,40,1,0,32"
"2012,41,1,0,22"
"2012,42,1,0,14"
"2012,43,1,0,5"
"2012,44,1,0,3"
"2012,45,1,0,2"
"2012,46,1,0,0"
"2012,47,1,0,0"
"2012,48,1,0,0"
"2012,49,1,0,0"
"2012,15,0,1,7"
"2012,16,0,1,17"
"2012,17,0,1,53"
"2012,18,0,1,98"
"2012,19,0,1,193"
"2012,20,0,1,279"
"2012,21,0,1,321"
"2012,22,0,1,375"
"2012,23,0,1,448"
"2012,24,0,1,494"
"2012,25,0,1,557"
"2012,26,0,1,487"
"2012,27,0,1,471"
"2012,28,0,1,465"
"2012,29,0,1,425"
"2012,30,0,1,389"
"2012,31,0,1,351"
"2012,32,0,1,292"
"2012,33,0,1,272"
"2012,34,0,1,244"
"2012,35,0,1,210"
"2012,36,0,1,189"
"2012,37,0,1,148"
"2012,38,0,1,114"
"2012,39,0,1,80"
"2012,40,0,1,54"
"2012,41,0,1,36"
"2012,42,0,1,24"
"2012,43,0,1,9"
"2012,44,0,1,5"
"2012,45,0,1,3"
"2012,46,0,1,1"
"2012,47,0,1,0"
"2012,48,0,1,0"
"2012,49,0,1,0"
"2012,15,0,0,4"
"2012,16,0,0,10"
"2012,17,0,0,31"
"2012,18,0,0,58"
"2012,19,0,0,113"
"2012,20,0,0,165"
"2012,21,0,0,189"
"2012,22,0,0,221"
"2012,23,0,0,264"
"2012,24,0,0,292"
"2012,25,0,0,329"
"2012,26,0,0,287"
"2012,27,0,0,278"
"2012,28,0,0,274"
"2012,29,0,0,250"
"2012,30,0,0,229"
"2012,31,0,0,207"
"2012,32,0,0,172"
"2012,33,0,0,161"
"2012,34,0,0,144"
"2012,35,0,0,124"
"2012,36,0,0,111"
"2012,37,0,0,87"
"2012,38,0,0,67"
"2012,39,0,0,47"
"2012,40,0,0,31"
"2012,41,0,0,21"
"2012,42,0,0,14"
"2012,43,0,0,5"
"2012,44,0,0,3"
"2012,45,0,0,1"
"2012,46,0,0,0"
"2012,47,0,0,0"
"2012,48,0,0,0"
"2012,49,0,0,0"
"2013,49,0,0,0"
"2013,48,0,0,0"
"2013,47,0,0,0"
"2013,46,0,0,0"
"2013,45,0,0,1"
"2013,44,0,0,4"
"2013,43,0,0,8"
"2013,42,0,0,10"
"2013,41,0,0,24"
"2013,40,0,0,36"
"2013,39,0,0,55"
"2013,38,0,0,67"
"2013,37,0,0,91"
"2013,36,0,0,110"
"2013,35,0,0,131"
"2013,34,0,0,152"
"2013,33,0,0,172"
"2013,32,0,0,189"
"2013,31,0,0,206"
"2013,30,0,0,239"
"2013,29,0,0,271"
"2013,28,0,0,281"
"2013,27,0,0,294"
"2013,26,0,0,332"
"2013,25,0,0,318"
"2013,24,0,0,294"
"2013,23,0,0,238"
"2013,22,0,0,212"
"2013,21,0,0,165"
"2013,20,0,0,133"
"2013,19,0,0,95"
"2013,18,0,0,51"
"2013,17,0,0,25"
"2013,16,0,0,11"
"2013,15,0,0,5"
"2013,49,0,1,0"
"2013,48,0,1,0"
"2013,47,0,1,0"
"2013,46,0,1,1"
"2013,45,0,1,2"
"2013,44,0,1,7"
"2013,43,0,1,13"
"2013,42,0,1,15"
"2013,41,0,1,38"
"2013,40,0,1,56"
"2013,39,0,1,86"
"2013,38,0,1,105"
"2013,37,0,1,142"
"2013,36,0,1,171"
"2013,35,0,1,205"
"2013,34,0,1,237"
"2013,33,0,1,268"
"2013,32,0,1,294"
"2013,31,0,1,320"
"2013,30,0,1,372"
"2013,29,0,1,422"
"2013,28,0,1,438"
"2013,27,0,1,457"
"2013,26,0,1,517"
"2013,25,0,1,495"
"2013,24,0,1,458"
"2013,23,0,1,370"
"2013,22,0,1,329"
"2013,21,0,1,257"
"2013,20,0,1,206"
"2013,19,0,1,148"
"2013,18,0,1,79"
"2013,17,0,1,39"
"2013,16,0,1,18"
"2013,15,0,1,8"
"2013,49,1,0,0"
"2013,48,1,0,0"
"2013,47,1,0,0"
"2013,46,1,0,0"
"2013,45,1,0,1"
"2013,44,1,0,5"
"2013,43,1,0,9"
"2013,42,1,0,10"
"2013,41,1,0,26"
"2013,40,1,0,38"
"2013,39,1,0,59"
"2013,38,1,0,73"
"2013,37,1,0,98"
"2013,36,1,0,118"
"2013,35,1,0,142"
"2013,34,1,0,164"
"2013,33,1,0,186"
"2013,32,1,0,203"
"2013,31,1,0,222"
"2013,30,1,0,258"
"2013,29,1,0,292"
"2013,28,1,0,303"
"2013,27,1,0,316"
"2013,26,1,0,358"
"2013,25,1,0,342"
"2013,24,1,0,317"
"2013,23,1,0,256"
"2013,22,1,0,228"
"2013,21,1,0,178"
"2013,20,1,0,143"
"2013,19,1,0,103"
"2013,18,1,0,55"
"2013,17,1,0,27"
"2013,16,1,0,12"
"2013,15,1,0,5"
"2013,49,1,1,0"
"2013,48,1,1,0"
"2013,47,1,1,0"
"2013,46,1,1,1"
"2013,45,1,1,2"
"2013,44,1,1,7"
"2013,43,1,1,14"
"2013,42,1,1,16"
"2013,41,1,1,39"
"2013,40,1,1,57"
"2013,39,1,1,88"
"2013,38,1,1,108"
"2013,37,1,1,145"
"2013,36,1,1,175"
"2013,35,1,1,209"
"2013,34,1,1,243"
"2013,33,1,1,275"
"2013,32,1,1,301"
"2013,31,1,1,328"
"2013,30,1,1,381"
"2013,29,1,1,432"
"2013,28,1,1,448"
"2013,27,1,1,468"
"2013,26,1,1,529"
"2013,25,1,1,506"
"2013,24,1,1,468"
"2013,23,1,1,379"
"2013,22,1,1,337"
"2013,21,1,1,263"
"2013,20,1,1,211"
"2013,19,1,1,152"
"2013,18,1,1,81"
"2013,17,1,1,40"
"2013,16,1,1,18"
"2013,15,1,1,8"
"2014,15,1,1,5"
"2014,16,1,1,19"
"2014,17,1,1,49"
"2014,18,1,1,80"
"2014,19,1,1,132"
"2014,20,1,1,194"
"2014,21,1,1,236"
"2014,22,1,1,295"
"2014,23,1,1,359"
"2014,24,1,1,426"
"2014,25,1,1,458"
"2014,26,1,1,530"
"2014,27,1,1,536"
"2014,28,1,1,469"
"2014,29,1,1,435"
"2014,30,1,1,432"
"2014,31,1,1,383"
"2014,32,1,1,318"
"2014,33,1,1,289"
"2014,34,1,1,241"
"2014,35,1,1,219"
"2014,36,1,1,177"
"2014,37,1,1,159"
"2014,38,1,1,129"
"2014,39,1,1,87"
"2014,40,1,1,53"
"2014,41,1,1,38"
"2014,42,1,1,27"
"2014,43,1,1,13"
"2014,44,1,1,6"
"2014,45,1,1,1"
"2014,46,1,1,1"
"2014,47,1,1,0"
"2014,48,1,1,0"
"2014,49,1,1,0"
"2014,15,1,0,3"
"2014,16,1,0,12"
"2014,17,1,0,33"
"2014,18,1,0,53"
"2014,19,1,0,88"
"2014,20,1,0,129"
"2014,21,1,0,157"
"2014,22,1,0,196"
"2014,23,1,0,239"
"2014,24,1,0,283"
"2014,25,1,0,305"
"2014,26,1,0,353"
"2014,27,1,0,356"
"2014,28,1,0,312"
"2014,29,1,0,290"
"2014,30,1,0,287"
"2014,31,1,0,255"
"2014,32,1,0,211"
"2014,33,1,0,192"
"2014,34,1,0,160"
"2014,35,1,0,146"
"2014,36,1,0,118"
"2014,37,1,0,106"
"2014,38,1,0,85"
"2014,39,1,0,58"
"2014,40,1,0,35"
"2014,41,1,0,25"
"2014,42,1,0,18"
"2014,43,1,0,9"
"2014,44,1,0,4"
"2014,45,1,0,1"
"2014,46,1,0,1"
"2014,47,1,0,0"
"2014,48,1,0,0"
"2014,49,1,0,0"
"2014,15,0,1,5"
"2014,16,0,1,18"
"2014,17,0,1,46"
"2014,18,0,1,76"
"2014,19,0,1,124"
"2014,20,0,1,183"
"2014,21,0,1,222"
"2014,22,0,1,278"
"2014,23,0,1,338"
"2014,24,0,1,401"
"2014,25,0,1,431"
"2014,26,0,1,499"
"2014,27,0,1,504"
"2014,28,0,1,441"
"2014,29,0,1,410"
"2014,30,0,1,406"
"2014,31,0,1,361"
"2014,32,0,1,299"
"2014,33,0,1,272"
"2014,34,0,1,227"
"2014,35,0,1,207"
"2014,36,0,1,167"
"2014,37,0,1,150"
"2014,38,0,1,121"
"2014,39,0,1,82"
"2014,40,0,1,50"
"2014,41,0,1,36"
"2014,42,0,1,25"
"2014,43,0,1,13"
"2014,44,0,1,6"
"2014,45,0,1,1"
"2014,46,0,1,1"
"2014,47,0,1,0"
"2014,48,0,1,0"
"2014,49,0,1,0"
"2014,15,0,0,3"
"2014,16,0,0,12"
"2014,17,0,0,31"
"2014,18,0,0,51"
"2014,19,0,0,83"
"2014,20,0,0,122"
"2014,21,0,0,149"
"2014,22,0,0,186"
"2014,23,0,0,227"
"2014,24,0,0,269"
"2014,25,0,0,289"
"2014,26,0,0,334"
"2014,27,0,0,338"
"2014,28,0,0,296"
"2014,29,0,0,274"
"2014,30,0,0,272"
"2014,31,0,0,242"
"2014,32,0,0,200"
"2014,33,0,0,182"
"2014,34,0,0,152"
"2014,35,0,0,138"
"2014,36,0,0,112"
"2014,37,0,0,100"
"2014,38,0,0,81"
"2014,39,0,0,55"
"2014,40,0,0,33"
"2014,41,0,0,24"
"2014,42,0,0,17"
"2014,43,0,0,8"
"2014,44,0,0,4"
"2014,45,0,0,1"
"2014,46,0,0,1"
"2014,47,0,0,0"
"2014,48,0,0,0"
"2014,49,0,0,0"
"2015,49,0,0,0"
"2015,48,0,0,0"
"2015,47,0,0,0"
"2015,46,0,0,1"
"2015,45,0,0,0"
"2015,44,0,0,5"
"2015,43,0,0,10"
"2015,42,0,0,15"
"2015,41,0,0,22"
"2015,40,0,0,32"
"2015,39,0,0,49"
"2015,38,0,0,68"
"2015,37,0,0,88"
"2015,36,0,0,108"
"2015,35,0,0,122"
"2015,34,0,0,143"
"2015,33,0,0,157"
"2015,32,0,0,203"
"2015,31,0,0,224"
"2015,30,0,0,238"
"2015,29,0,0,257"
"2015,28,0,0,286"
"2015,27,0,0,297"
"2015,26,0,0,284"
"2015,25,0,0,251"
"2015,24,0,0,228"
"2015,23,0,0,183"
"2015,22,0,0,136"
"2015,21,0,0,113"
"2015,20,0,0,87"
"2015,19,0,0,61"
"2015,18,0,0,40"
"2015,17,0,0,21"
"2015,16,0,0,10"
"2015,15,0,0,2"
"2015,49,0,1,0"
"2015,48,0,1,0"
"2015,47,0,1,0"
"2015,46,0,1,2"
"2015,45,0,1,1"
"2015,44,0,1,9"
"2015,43,0,1,19"
"2015,42,0,1,28"
"2015,41,0,1,40"
"2015,40,0,1,59"
"2015,39,0,1,92"
"2015,38,0,1,126"
"2015,37,0,1,163"
"2015,36,0,1,201"
"2015,35,0,1,227"
"2015,34,0,1,266"
"2015,33,0,1,293"
"2015,32,0,1,377"
"2015,31,0,1,416"
"2015,30,0,1,443"
"2015,29,0,1,478"
"2015,28,0,1,531"
"2015,27,0,1,552"
"2015,26,0,1,529"
"2015,25,0,1,466"
"2015,24,0,1,424"
"2015,23,0,1,340"
"2015,22,0,1,253"
"2015,21,0,1,211"
"2015,20,0,1,162"
"2015,19,0,1,114"
"2015,18,0,1,75"
"2015,17,0,1,39"
"2015,16,0,1,18"
"2015,15,0,1,4"
"2015,49,1,0,0"
"2015,48,1,0,0"
"2015,47,1,0,0"
"2015,46,1,0,1"
"2015,45,1,0,0"
"2015,44,1,0,5"
"2015,43,1,0,11"
"2015,42,1,0,16"
"2015,41,1,0,24"
"2015,40,1,0,35"
"2015,39,1,0,54"
"2015,38,1,0,75"
"2015,37,1,0,96"
"2015,36,1,0,119"
"2015,35,1,0,134"
"2015,34,1,0,157"
"2015,33,1,0,173"
"2015,32,1,0,223"
"2015,31,1,0,246"
"2015,30,1,0,262"
"2015,29,1,0,283"
"2015,28,1,0,315"
"2015,27,1,0,327"
"2015,26,1,0,313"
"2015,25,1,0,276"
"2015,24,1,0,251"
"2015,23,1,0,202"
"2015,22,1,0,150"
"2015,21,1,0,125"
"2015,20,1,0,96"
"2015,19,1,0,67"
"2015,18,1,0,44"
"2015,17,1,0,23"
"2015,16,1,0,11"
"2015,15,1,0,2"
"2015,49,1,1,0"
"2015,48,1,1,0"
"2015,47,1,1,0"
"2015,46,1,1,2"
"2015,45,1,1,1"
"2015,44,1,1,10"
"2015,43,1,1,20"
"2015,42,1,1,29"
"2015,41,1,1,42"
"2015,40,1,1,62"
"2015,39,1,1,96"
"2015,38,1,1,132"
"2015,37,1,1,170"
"2015,36,1,1,209"
"2015,35,1,1,237"
"2015,34,1,1,278"
"2015,33,1,1,305"
"2015,32,1,1,393"
"2015,31,1,1,434"
"2015,30,1,1,462"
"2015,29,1,1,499"
"2015,28,1,1,554"
"2015,27,1,1,576"
"2015,26,1,1,552"
"2015,25,1,1,486"
"2015,24,1,1,442"
"2015,23,1,1,355"
"2015,22,1,1,264"
"2015,21,1,1,220"
"2015,20,1,1,169"
"2015,19,1,1,119"
"2015,18,1,1,78"
"2015,17,1,1,41"
"2015,16,1,1,19"
"2015,15,1,1,4"
"2016,15,1,1,3"
"2016,16,1,1,11"
"2016,17,1,1,35"
"2016,18,1,1,75"
"2016,19,1,1,119"
"2016,20,1,1,147"
"2016,21,1,1,183"
"2016,22,1,1,245"
"2016,23,1,1,285"
"2016,24,1,1,388"
"2016,25,1,1,432"
"2016,26,1,1,500"
"2016,27,1,1,520"
"2016,28,1,1,506"
"2016,29,1,1,501"
"2016,30,1,1,448"
"2016,31,1,1,414"
"2016,32,1,1,387"
"2016,33,1,1,334"
"2016,34,1,1,295"
"2016,35,1,1,246"
"2016,36,1,1,198"
"2016,37,1,1,176"
"2016,38,1,1,130"
"2016,39,1,1,109"
"2016,40,1,1,78"
"2016,41,1,1,44"
"2016,42,1,1,31"
"2016,43,1,1,16"
"2016,44,1,1,7"
"2016,45,1,1,4"
"2016,46,1,1,1"
"2016,47,1,1,0"
"2016,48,1,1,0"
"2016,49,1,1,1"
"2016,15,1,0,2"
"2016,16,1,0,6"
"2016,17,1,0,19"
"2016,18,1,0,41"
"2016,19,1,0,66"
"2016,20,1,0,81"
"2016,21,1,0,101"
"2016,22,1,0,135"
"2016,23,1,0,157"
"2016,24,1,0,214"
"2016,25,1,0,239"
"2016,26,1,0,276"
"2016,27,1,0,287"
"2016,28,1,0,280"
"2016,29,1,0,277"
"2016,30,1,0,247"
"2016,31,1,0,229"
"2016,32,1,0,214"
"2016,33,1,0,184"
"2016,34,1,0,163"
"2016,35,1,0,136"
"2016,36,1,0,109"
"2016,37,1,0,97"
"2016,38,1,0,72"
"2016,39,1,0,60"
"2016,40,1,0,43"
"2016,41,1,0,24"
"2016,42,1,0,17"
"2016,43,1,0,9"
"2016,44,1,0,4"
"2016,45,1,0,2"
"2016,46,1,0,0"
"2016,47,1,0,0"
"2016,48,1,0,0"
"2016,49,1,0,0"
"2016,15,0,1,3"
"2016,16,0,1,10"
"2016,17,0,1,33"
"2016,18,0,1,72"
"2016,19,0,1,114"
"2016,20,0,1,141"
"2016,21,0,1,176"
"2016,22,0,1,235"
"2016,23,0,1,273"
"2016,24,0,1,372"
"2016,25,0,1,415"
"2016,26,0,1,479"
"2016,27,0,1,499"
"2016,28,0,1,486"
"2016,29,0,1,481"
"2016,30,0,1,430"
"2016,31,0,1,397"
"2016,32,0,1,372"
"2016,33,0,1,320"
"2016,34,0,1,283"
"2016,35,0,1,236"
"2016,36,0,1,190"
"2016,37,0,1,169"
"2016,38,0,1,124"
"2016,39,0,1,105"
"2016,40,0,1,74"
"2016,41,0,1,43"
"2016,42,0,1,30"
"2016,43,0,1,15"
"2016,44,0,1,7"
"2016,45,0,1,4"
"2016,46,0,1,1"
"2016,47,0,1,0"
"2016,48,0,1,0"
"2016,49,0,1,1"
"2016,15,0,0,2"
"2016,16,0,0,5"
"2016,17,0,0,18"
"2016,18,0,0,40"
"2016,19,0,0,64"
"2016,20,0,0,79"
"2016,21,0,0,98"
"2016,22,0,0,131"
"2016,23,0,0,152"
"2016,24,0,0,208"
"2016,25,0,0,231"
"2016,26,0,0,268"
"2016,27,0,0,278"
"2016,28,0,0,271"
"2016,29,0,0,268"
"2016,30,0,0,240"
"2016,31,0,0,222"
"2016,32,0,0,207"
"2016,33,0,0,179"
"2016,34,0,0,158"
"2016,35,0,0,132"
"2016,36,0,0,106"
"2016,37,0,0,94"
"2016,38,0,0,69"
"2016,39,0,0,58"
"2016,40,0,0,41"
"2016,41,0,0,24"
"2016,42,0,0,16"
"2016,43,0,0,8"
"2016,44,0,0,4"
"2016,45,0,0,2"
"2016,46,0,0,0"
"2016,47,0,0,0"
"2016,48,0,0,0"
"2016,49,0,0,0"
"2017,49,0,0,0"
"2017,48,0,0,0"
"2017,47,0,0,0"
"2017,46,0,0,0"
"2017,45,0,0,0"
"2017,44,0,0,3"
"2017,43,0,0,7"
"2017,42,0,0,12"
"2017,41,0,0,25"
"2017,40,0,0,38"
"2017,39,0,0,53"
"2017,38,0,0,60"
"2017,37,0,0,80"
"2017,36,0,0,101"
"2017,35,0,0,108"
"2017,34,0,0,146"
"2017,33,0,0,155"
"2017,32,0,0,171"
"2017,31,0,0,180"
"2017,30,0,0,220"
"2017,29,0,0,218"
"2017,28,0,0,215"
"2017,27,0,0,219"
"2017,26,0,0,203"
"2017,25,0,0,174"
"2017,24,0,0,146"
"2017,23,0,0,123"
"2017,22,0,0,96"
"2017,21,0,0,82"
"2017,20,0,0,65"
"2017,19,0,0,51"
"2017,18,0,0,34"
"2017,17,0,0,15"
"2017,16,0,0,5"
"2017,15,0,0,3"
"2017,49,0,1,0"
"2017,48,0,1,0"
"2017,47,0,1,0"
"2017,46,0,1,0"
"2017,45,0,1,1"
"2017,44,0,1,6"
"2017,43,0,1,13"
"2017,42,0,1,23"
"2017,41,0,1,47"
"2017,40,0,1,71"
"2017,39,0,1,98"
"2017,38,0,1,111"
"2017,37,0,1,148"
"2017,36,0,1,186"
"2017,35,0,1,199"
"2017,34,0,1,269"
"2017,33,0,1,286"
"2017,32,0,1,316"
"2017,31,0,1,331"
"2017,30,0,1,406"
"2017,29,0,1,403"
"2017,28,0,1,396"
"2017,27,0,1,403"
"2017,26,0,1,375"
"2017,25,0,1,320"
"2017,24,0,1,269"
"2017,23,0,1,227"
"2017,22,0,1,178"
"2017,21,0,1,152"
"2017,20,0,1,121"
"2017,19,0,1,95"
"2017,18,0,1,62"
"2017,17,0,1,28"
"2017,16,0,1,10"
"2017,15,0,1,5"
"2017,49,1,0,0"
"2017,48,1,0,0"
"2017,47,1,0,0"
"2017,46,1,0,0"
"2017,45,1,0,0"
"2017,44,1,0,3"
"2017,43,1,0,7"
"2017,42,1,0,13"
"2017,41,1,0,27"
"2017,40,1,0,41"
"2017,39,1,0,57"
"2017,38,1,0,65"
"2017,37,1,0,86"
"2017,36,1,0,108"
"2017,35,1,0,116"
"2017,34,1,0,156"
"2017,33,1,0,167"
"2017,32,1,0,184"
"2017,31,1,0,193"
"2017,30,1,0,236"
"2017,29,1,0,234"
"2017,28,1,0,230"
"2017,27,1,0,235"
"2017,26,1,0,218"
"2017,25,1,0,186"
"2017,24,1,0,157"
"2017,23,1,0,132"
"2017,22,1,0,103"
"2017,21,1,0,88"
"2017,20,1,0,70"
"2017,19,1,0,55"
"2017,18,1,0,36"
"2017,17,1,0,16"
"2017,16,1,0,6"
"2017,15,1,0,3"
"2017,49,1,1,0"
"2017,48,1,1,0"
"2017,47,1,1,0"
"2017,46,1,1,0"
"2017,45,1,1,1"
"2017,44,1,1,7"
"2017,43,1,1,14"
"2017,42,1,1,25"
"2017,41,1,1,51"
"2017,40,1,1,76"
"2017,39,1,1,107"
"2017,38,1,1,120"
"2017,37,1,1,161"
"2017,36,1,1,201"
"2017,35,1,1,216"
"2017,34,1,1,291"
"2017,33,1,1,310"
"2017,32,1,1,343"
"2017,31,1,1,359"
"2017,30,1,1,440"
"2017,29,1,1,436"
"2017,28,1,1,429"
"2017,27,1,1,437"
"2017,26,1,1,406"
"2017,25,1,1,347"
"2017,24,1,1,292"
"2017,23,1,1,246"
"2017,22,1,1,193"
"2017,21,1,1,164"
"2017,20,1,1,131"
"2017,19,1,1,103"
"2017,18,1,1,68"
"2017,17,1,1,30"
"2017,16,1,1,11"
"2017,15,1,1,6"
"2018,15,1,1,3"
"2018,16,1,1,10"
"2018,17,1,1,22"
"2018,18,1,1,57"
"2018,19,1,1,78"
"2018,20,1,1,122"
"2018,21,1,1,136"
"2018,22,1,1,172"
"2018,23,1,1,205"
"2018,24,1,1,262"
"2018,25,1,1,293"
"2018,26,1,1,337"
"2018,27,1,1,347"
"2018,28,1,1,381"
"2018,29,1,1,387"
"2018,30,1,1,374"
"2018,31,1,1,369"
"2018,32,1,1,340"
"2018,33,1,1,298"
"2018,34,1,1,264"
"2018,35,1,1,212"
"2018,36,1,1,175"
"2018,37,1,1,151"
"2018,38,1,1,121"
"2018,39,1,1,94"
"2018,40,1,1,63"
"2018,41,1,1,53"
"2018,42,1,1,29"
"2018,43,1,1,20"
"2018,44,1,1,4"
"2018,45,1,1,3"
"2018,46,1,1,2"
"2018,47,1,1,0"
"2018,48,1,1,0"
"2018,49,1,1,1"
"2018,15,1,0,1"
"2018,16,1,0,5"
"2018,17,1,0,12"
"2018,18,1,0,31"
"2018,19,1,0,42"
"2018,20,1,0,67"
"2018,21,1,0,74"
"2018,22,1,0,94"
"2018,23,1,0,112"
"2018,24,1,0,143"
"2018,25,1,0,160"
"2018,26,1,0,184"
"2018,27,1,0,190"
"2018,28,1,0,208"
"2018,29,1,0,212"
"2018,30,1,0,204"
"2018,31,1,0,201"
"2018,32,1,0,186"
"2018,33,1,0,162"
"2018,34,1,0,144"
"2018,35,1,0,116"
"2018,36,1,0,95"
"2018,37,1,0,82"
"2018,38,1,0,66"
"2018,39,1,0,51"
"2018,40,1,0,34"
"2018,41,1,0,29"
"2018,42,1,0,16"
"2018,43,1,0,10"
"2018,44,1,0,2"
"2018,45,1,0,2"
"2018,46,1,0,1"
"2018,47,1,0,0"
"2018,48,1,0,0"
"2018,49,1,0,0"
"2018,15,0,1,3"
"2018,16,0,1,10"
"2018,17,0,1,21"
"2018,18,0,1,55"
"2018,19,0,1,75"
"2018,20,0,1,117"
"2018,21,0,1,130"
"2018,22,0,1,165"
"2018,23,0,1,197"
"2018,24,0,1,251"
"2018,25,0,1,280"
"2018,26,0,1,323"
"2018,27,0,1,333"
"2018,28,0,1,365"
"2018,29,0,1,371"
"2018,30,0,1,358"
"2018,31,0,1,353"
"2018,32,0,1,326"
"2018,33,0,1,285"
"2018,34,0,1,253"
"2018,35,0,1,203"
"2018,36,0,1,168"
"2018,37,0,1,145"
"2018,38,0,1,116"
"2018,39,0,1,90"
"2018,40,0,1,60"
"2018,41,0,1,51"
"2018,42,0,1,28"
"2018,43,0,1,19"
"2018,44,0,1,4"
"2018,45,0,1,3"
"2018,46,0,1,2"
"2018,47,0,1,0"
"2018,48,0,1,0"
"2018,49,0,1,1"
"2018,15,0,0,1"
"2018,16,0,0,5"
"2018,17,0,0,11"
"2018,18,0,0,30"
"2018,19,0,0,42"
"2018,20,0,0,65"
"2018,21,0,0,72"
"2018,22,0,0,92"
"2018,23,0,0,110"
"2018,24,0,0,140"
"2018,25,0,0,156"
"2018,26,0,0,180"
"2018,27,0,0,185"
"2018,28,0,0,203"
"2018,29,0,0,207"
"2018,30,0,0,200"
"2018,31,0,0,197"
"2018,32,0,0,181"
"2018,33,0,0,159"
"2018,34,0,0,141"
"2018,35,0,0,113"
"2018,36,0,0,93"
"2018,37,0,0,81"
"2018,38,0,0,65"
"2018,39,0,0,50"
"2018,40,0,0,33"
"2018,41,0,0,28"
"2018,42,0,0,15"
"2018,43,0,0,10"
"2018,44,0,0,2"
"2018,45,0,0,2"
"2018,46,0,0,1"
"2018,47,0,0,0"
"2018,48,0,0,0"
"2018,49,0,0,0"
"2019,49,0,0,0"
"2019,48,0,0,0"
"2019,47,0,0,1"
"2019,46,0,0,1"
"2019,45,0,0,2"
"2019,44,0,0,5"
"2019,43,0,0,10"
"2019,42,0,0,15"
"2019,41,0,0,22"
"2019,40,0,0,37"
"2019,39,0,0,53"
"2019,38,0,0,64"
"2019,37,0,0,79"
"2019,36,0,0,96"
"2019,35,0,0,118"
"2019,34,0,0,126"
"2019,33,0,0,144"
"2019,32,0,0,153"
"2019,31,0,0,168"
"2019,30,0,0,170"
"2019,29,0,0,175"
"2019,28,0,0,160"
"2019,27,0,0,157"
"2019,26,0,0,147"
"2019,25,0,0,127"
"2019,24,0,0,109"
"2019,23,0,0,89"
"2019,22,0,0,88"
"2019,21,0,0,71"
"2019,20,0,0,54"
"2019,19,0,0,43"
"2019,18,0,0,24"
"2019,17,0,0,11"
"2019,16,0,0,5"
"2019,15,0,0,2"
"2019,49,0,1,0"
"2019,48,0,1,0"
"2019,47,0,1,1"
"2019,46,0,1,1"
"2019,45,0,1,4"
"2019,44,0,1,10"
"2019,43,0,1,19"
"2019,42,0,1,28"
"2019,41,0,1,41"
"2019,40,0,1,68"
"2019,39,0,1,96"
"2019,38,0,1,115"
"2019,37,0,1,142"
"2019,36,0,1,174"
"2019,35,0,1,213"
"2019,34,0,1,227"
"2019,33,0,1,259"
"2019,32,0,1,276"
"2019,31,0,1,303"
"2019,30,0,1,305"
"2019,29,0,1,316"
"2019,28,0,1,288"
"2019,27,0,1,282"
"2019,26,0,1,266"
"2019,25,0,1,228"
"2019,24,0,1,197"
"2019,23,0,1,161"
"2019,22,0,1,159"
"2019,21,0,1,127"
"2019,20,0,1,98"
"2019,19,0,1,77"
"2019,18,0,1,44"
"2019,17,0,1,21"
"2019,16,0,1,9"
"2019,15,0,1,4"
"2019,49,1,0,0"
"2019,48,1,0,0"
"2019,47,1,0,1"
"2019,46,1,0,1"
"2019,45,1,0,2"
"2019,44,1,0,6"
"2019,43,1,0,11"
"2019,42,1,0,16"
"2019,41,1,0,24"
"2019,40,1,0,40"
"2019,39,1,0,57"
"2019,38,1,0,69"
"2019,37,1,0,85"
"2019,36,1,0,103"
"2019,35,1,0,127"
"2019,34,1,0,135"
"2019,33,1,0,154"
"2019,32,1,0,164"
"2019,31,1,0,180"
"2019,30,1,0,182"
"2019,29,1,0,188"
"2019,28,1,0,172"
"2019,27,1,0,168"
"2019,26,1,0,158"
"2019,25,1,0,136"
"2019,24,1,0,117"
"2019,23,1,0,95"
"2019,22,1,0,95"
"2019,21,1,0,76"
"2019,20,1,0,58"
"2019,19,1,0,46"
"2019,18,1,0,26"
"2019,17,1,0,12"
"2019,16,1,0,5"
"2019,15,1,0,2"
"2019,49,1,1,0"
"2019,48,1,1,0"
"2019,47,1,1,1"
"2019,46,1,1,1"
"2019,45,1,1,4"
"2019,44,1,1,10"
"2019,43,1,1,19"
"2019,42,1,1,29"
"2019,41,1,1,42"
"2019,40,1,1,70"
"2019,39,1,1,99"
"2019,38,1,1,120"
"2019,37,1,1,148"
"2019,36,1,1,181"
"2019,35,1,1,221"
"2019,34,1,1,236"
"2019,33,1,1,269"
"2019,32,1,1,287"
"2019,31,1,1,315"
"2019,30,1,1,317"
"2019,29,1,1,328"
"2019,28,1,1,300"
"2019,27,1,1,293"
"2019,26,1,1,276"
"2019,25,1,1,237"
"2019,24,1,1,205"
"2019,23,1,1,167"
"2019,22,1,1,165"
"2019,21,1,1,132"
"2019,20,1,1,101"
"2019,19,1,1,80"
"2019,18,1,1,46"
"2019,17,1,1,22"
"2019,16,1,1,10"
"2019,15,1,1,4"
"2020,15,1,1,2"
"2020,16,1,1,7"
"2020,17,1,1,25"
"2020,18,1,1,42"
"2020,19,1,1,82"
"2020,20,1,1,97"
"2020,21,1,1,126"
"2020,22,1,1,154"
"2020,23,1,1,180"
"2020,24,1,1,185"
"2020,25,1,1,225"
"2020,26,1,1,234"
"2020,27,1,1,255"
"2020,28,1,1,290"
"2020,29,1,1,275"
"2020,30,1,1,309"
"2020,31,1,1,314"
"2020,32,1,1,303"
"2020,33,1,1,299"
"2020,34,1,1,241"
"2020,35,1,1,219"
"2020,36,1,1,195"
"2020,37,1,1,169"
"2020,38,1,1,136"
"2020,39,1,1,89"
"2020,40,1,1,77"
"2020,41,1,1,45"
"2020,42,1,1,27"
"2020,43,1,1,14"
"2020,44,1,1,8"
"2020,45,1,1,4"
"2020,46,1,1,3"
"2020,47,1,1,0"
"2020,48,1,1,0"
"2020,49,1,1,0"
"2020,15,1,0,1"
"2020,16,1,0,4"
"2020,17,1,0,14"
"2020,18,1,0,25"
"2020,19,1,0,49"
"2020,20,1,0,58"
"2020,21,1,0,75"
"2020,22,1,0,91"
"2020,23,1,0,107"
"2020,24,1,0,110"
"2020,25,1,0,134"
"2020,26,1,0,139"
"2020,27,1,0,151"
"2020,28,1,0,173"
"2020,29,1,0,164"
"2020,30,1,0,184"
"2020,31,1,0,187"
"2020,32,1,0,180"
"2020,33,1,0,178"
"2020,34,1,0,143"
"2020,35,1,0,130"
"2020,36,1,0,116"
"2020,37,1,0,100"
"2020,38,1,0,81"
"2020,39,1,0,53"
"2020,40,1,0,45"
"2020,41,1,0,26"
"2020,42,1,0,16"
"2020,43,1,0,8"
"2020,44,1,0,5"
"2020,45,1,0,2"
"2020,46,1,0,1"
"2020,47,1,0,0"
"2020,48,1,0,0"
"2020,49,1,0,0"
"2020,15,0,1,2"
"2020,16,0,1,7"
"2020,17,0,1,24"
"2020,18,0,1,41"
"2020,19,0,1,79"
"2020,20,0,1,94"
"2020,21,0,1,122"
"2020,22,0,1,149"
"2020,23,0,1,174"
"2020,24,0,1,179"
"2020,25,0,1,218"
"2020,26,0,1,226"
"2020,27,0,1,247"
"2020,28,0,1,281"
"2020,29,0,1,266"
"2020,30,0,1,300"
"2020,31,0,1,304"
"2020,32,0,1,293"
"2020,33,0,1,289"
"2020,34,0,1,233"
"2020,35,0,1,212"
"2020,36,0,1,188"
"2020,37,0,1,163"
"2020,38,0,1,132"
"2020,39,0,1,86"
"2020,40,0,1,74"
"2020,41,0,1,43"
"2020,42,0,1,26"
"2020,43,0,1,14"
"2020,44,0,1,8"
"2020,45,0,1,4"
"2020,46,0,1,3"
"2020,47,0,1,0"
"2020,48,0,1,0"
"2020,49,0,1,0"
"2020,15,0,0,1"
"2020,16,0,0,4"
"2020,17,0,0,13"
"2020,18,0,0,23"
"2020,19,0,0,45"
"2020,20,0,0,53"
"2020,21,0,0,69"
"2020,22,0,0,84"
"2020,23,0,0,98"
"2020,24,0,0,101"
"2020,25,0,0,123"
"2020,26,0,0,128"
"2020,27,0,0,139"
"2020,28,0,0,158"
"2020,29,0,0,150"
"2020,30,0,0,169"
"2020,31,0,0,172"
"2020,32,0,0,165"
"2020,33,0,0,163"
"2020,34,0,0,131"
"2020,35,0,0,120"
"2020,36,0,0,106"
"2020,37,0,0,92"
"2020,38,0,0,74"
"2020,39,0,0,49"
"2020,40,0,0,42"
"2020,41,0,0,24"
"2020,42,0,0,14"
"2020,43,0,0,7"
"2020,44,0,0,4"
"2020,45,0,0,2"
"2020,46,0,0,1"
"2020,47,0,0,0"
"2020,48,0,0,0"
"2020,49,0,0,0"
"2021,49,0,0,0"
"2021,48,0,0,0"
"2021,47,0,0,0"
"2021,46,0,0,0"
"2021,45,0,0,1"
"2021,44,0,0,6"
"2021,43,0,0,8"
"2021,42,0,0,15"
"2021,41,0,0,27"
"2021,40,0,0,44"
"2021,39,0,0,56"
"2021,38,0,0,82"
"2021,37,0,0,97"
"2021,36,0,0,112"
"2021,35,0,0,131"
"2021,34,0,0,147"
"2021,33,0,0,149"
"2021,32,0,0,161"
"2021,31,0,0,154"
"2021,30,0,0,156"
"2021,29,0,0,145"
"2021,28,0,0,145"
"2021,27,0,0,132"
"2021,26,0,0,119"
"2021,25,0,0,121"
"2021,24,0,0,93"
"2021,23,0,0,101"
"2021,22,0,0,82"
"2021,21,0,0,66"
"2021,20,0,0,53"
"2021,19,0,0,35"
"2021,18,0,0,17"
"2021,17,0,0,9"
"2021,16,0,0,2"
"2021,15,0,0,2"
"2021,49,0,1,0"
"2021,48,0,1,0"
"2021,47,0,1,0"
"2021,46,0,1,0"
"2021,45,0,1,3"
"2021,44,0,1,11"
"2021,43,0,1,15"
"2021,42,0,1,28"
"2021,41,0,1,50"
"2021,40,0,1,81"
"2021,39,0,1,103"
"2021,38,0,1,149"
"2021,37,0,1,177"
"2021,36,0,1,204"
"2021,35,0,1,239"
"2021,34,0,1,268"
"2021,33,0,1,272"
"2021,32,0,1,294"
"2021,31,0,1,281"
"2021,30,0,1,284"
"2021,29,0,1,265"
"2021,28,0,1,264"
"2021,27,0,1,240"
"2021,26,0,1,217"
"2021,25,0,1,221"
"2021,24,0,1,170"
"2021,23,0,1,183"
"2021,22,0,1,150"
"2021,21,0,1,120"
"2021,20,0,1,97"
"2021,19,0,1,64"
"2021,18,0,1,32"
"2021,17,0,1,17"
"2021,16,0,1,5"
"2021,15,0,1,4"
"2021,49,1,0,0"
"2021,48,1,0,0"
"2021,47,1,0,0"
"2021,46,1,0,0"
"2021,45,1,0,2"
"2021,44,1,0,6"
"2021,43,1,0,9"
"2021,42,1,0,17"
"2021,41,1,0,29"
"2021,40,1,0,48"
"2021,39,1,0,61"
"2021,38,1,0,89"
"2021,37,1,0,105"
"2021,36,1,0,121"
"2021,35,1,0,142"
"2021,34,1,0,160"
"2021,33,1,0,162"
"2021,32,1,0,175"
"2021,31,1,0,167"
"2021,30,1,0,169"
"2021,29,1,0,158"
"2021,28,1,0,157"
"2021,27,1,0,143"
"2021,26,1,0,129"
"2021,25,1,0,132"
"2021,24,1,0,101"
"2021,23,1,0,109"
"2021,22,1,0,89"
"2021,21,1,0,71"
"2021,20,1,0,58"
"2021,19,1,0,38"
"2021,18,1,0,19"
"2021,17,1,0,10"
"2021,16,1,0,3"
"2021,15,1,0,2"
"2021,49,1,1,0"
"2021,48,1,1,0"
"2021,47,1,1,0"
"2021,46,1,1,0"
"2021,45,1,1,3"
"2021,44,1,1,11"
"2021,43,1,1,16"
"2021,42,1,1,29"
"2021,41,1,1,51"
"2021,40,1,1,83"
"2021,39,1,1,105"
"2021,38,1,1,152"
"2021,37,1,1,180"
"2021,36,1,1,208"
"2021,35,1,1,244"
"2021,34,1,1,273"
"2021,33,1,1,277"
"2021,32,1,1,300"
"2021,31,1,1,286"
"2021,30,1,1,289"
"2021,29,1,1,270"
"2021,28,1,1,269"
"2021,27,1,1,245"
"2021,26,1,1,222"
"2021,25,1,1,225"
"2021,24,1,1,173"
"2021,23,1,1,187"
"2021,22,1,1,153"
"2021,21,1,1,122"
"2021,20,1,1,99"
"2021,19,1,1,65"
"2021,18,1,1,32"
"2021,17,1,1,17"
"2021,16,1,1,5"
"2021,15,1,1,4"
"2022,15,1,1,4"
"2022,16,1,1,7"
"2022,17,1,1,18"
"2022,18,1,1,42"
"2022,19,1,1,70"
"2022,20,1,1,85"
"2022,21,1,1,115"
"2022,22,1,1,136"
"2022,23,1,1,157"
"2022,24,1,1,187"
"2022,25,1,1,191"
"2022,26,1,1,185"
"2022,27,1,1,209"
"2022,28,1,1,206"
"2022,29,1,1,239"
"2022,30,1,1,242"
"2022,31,1,1,252"
"2022,32,1,1,256"
"2022,33,1,1,243"
"2022,34,1,1,260"
"2022,35,1,1,221"
"2022,36,1,1,185"
"2022,37,1,1,170"
"2022,38,1,1,139"
"2022,39,1,1,109"
"2022,40,1,1,78"
"2022,41,1,1,46"
"2022,42,1,1,34"
"2022,43,1,1,18"
"2022,44,1,1,10"
"2022,45,1,1,3"
"2022,46,1,1,2"
"2022,47,1,1,0"
"2022,48,1,1,0"
"2022,49,1,1,2"
"2022,15,1,0,2"
"2022,16,1,0,4"
"2022,17,1,0,11"
"2022,18,1,0,25"
"2022,19,1,0,41"
"2022,20,1,0,50"
"2022,21,1,0,69"
"2022,22,1,0,81"
"2022,23,1,0,93"
"2022,24,1,0,111"
"2022,25,1,0,114"
"2022,26,1,0,110"
"2022,27,1,0,124"
"2022,28,1,0,123"
"2022,29,1,0,142"
"2022,30,1,0,144"
"2022,31,1,0,150"
"2022,32,1,0,153"
"2022,33,1,0,145"
"2022,34,1,0,155"
"2022,35,1,0,132"
"2022,36,1,0,111"
"2022,37,1,0,101"
"2022,38,1,0,83"
"2022,39,1,0,65"
"2022,40,1,0,46"
"2022,41,1,0,27"
"2022,42,1,0,20"
"2022,43,1,0,10"
"2022,44,1,0,5"
"2022,45,1,0,1"
"2022,46,1,0,1"
"2022,47,1,0,0"
"2022,48,1,0,0"
"2022,49,1,0,1"
"2022,15,0,1,4"
"2022,16,0,1,6"
"2022,17,0,1,17"
"2022,18,0,1,39"
"2022,19,0,1,65"
"2022,20,0,1,79"
"2022,21,0,1,107"
"2022,22,0,1,126"
"2022,23,0,1,145"
"2022,24,0,1,173"
"2022,25,0,1,177"
"2022,26,0,1,171"
"2022,27,0,1,194"
"2022,28,0,1,191"
"2022,29,0,1,221"
"2022,30,0,1,224"
"2022,31,0,1,233"
"2022,32,0,1,237"
"2022,33,0,1,225"
"2022,34,0,1,241"
"2022,35,0,1,205"
"2022,36,0,1,172"
"2022,37,0,1,158"
"2022,38,0,1,129"
"2022,39,0,1,101"
"2022,40,0,1,72"
"2022,41,0,1,43"
"2022,42,0,1,31"
"2022,43,0,1,16"
"2022,44,0,1,9"
"2022,45,0,1,3"
"2022,46,0,1,2"
"2022,47,0,1,0"
"2022,48,0,1,0"
"2022,49,0,1,2"
"2022,15,0,0,2"
"2022,16,0,0,4"
"2022,17,0,0,10"
"2022,18,0,0,24"
"2022,19,0,0,39"
"2022,20,0,0,47"
"2022,21,0,0,65"
"2022,22,0,0,76"
"2022,23,0,0,88"
"2022,24,0,0,105"
"2022,25,0,0,107"
"2022,26,0,0,104"
"2022,27,0,0,117"
"2022,28,0,0,116"
"2022,29,0,0,134"
"2022,30,0,0,136"
"2022,31,0,0,141"
"2022,32,0,0,144"
"2022,33,0,0,136"
"2022,34,0,0,146"
"2022,35,0,0,124"
"2022,36,0,0,104"
"2022,37,0,0,95"
"2022,38,0,0,78"
"2022,39,0,0,61"
"2022,40,0,0,44"
"2022,41,0,0,26"
"2022,42,0,0,19"
"2022,43,0,0,10"
"2022,44,0,0,5"
"2022,45,0,0,1"
"2022,46,0,0,1"
"2022,47,0,0,0"
"2022,48,0,0,0"
"2022,49,0,0,1"
"2023,49,0,0,0"
"2023,48,0,0,2"
"2023,47,0,0,0"
"2023,46,0,0,2"
"2023,45,0,0,5"
"2023,44,0,0,10"
"2023,43,0,0,8"
"2023,42,0,0,18"
"2023,41,0,0,33"
"2023,40,0,0,50"
"2023,39,0,0,67"
"2023,38,0,0,65"
"2023,37,0,0,76"
"2023,36,0,0,134"
"2023,35,0,0,115"
"2023,34,0,0,104"
"2023,33,0,0,131"
"2023,32,0,0,116"
"2023,31,0,0,144"
"2023,30,0,0,108"
"2023,29,0,0,137"
"2023,28,0,0,113"
"2023,27,0,0,107"
"2023,26,0,0,109"
"2023,25,0,0,118"
"2023,24,0,0,106"
"2023,23,0,0,100"
"2023,22,0,0,101"
"2023,21,0,0,84"
"2023,20,0,0,63"
"2023,19,0,0,40"
"2023,18,0,0,23"
"2023,17,0,0,6"
"2023,16,0,0,5"
"2023,15,0,0,1"
"2023,49,0,1,4"
"2023,48,0,1,1"
"2023,47,0,1,2"
"2023,46,0,1,0"
"2023,45,0,1,3"
"2023,44,0,1,11"
"2023,43,0,1,18"
"2023,42,0,1,37"
"2023,41,0,1,48"
"2023,40,0,1,86"
"2023,39,0,1,99"
"2023,38,0,1,125"
"2023,37,0,1,158"
"2023,36,0,1,219"
"2023,35,0,1,214"
"2023,34,0,1,220"
"2023,33,0,1,235"
"2023,32,0,1,226"
"2023,31,0,1,229"
"2023,30,0,1,199"
"2023,29,0,1,187"
"2023,28,0,1,191"
"2023,27,0,1,203"
"2023,26,0,1,212"
"2023,25,0,1,163"
"2023,24,0,1,146"
"2023,23,0,1,113"
"2023,22,0,1,108"
"2023,21,0,1,93"
"2023,20,0,1,85"
"2023,19,0,1,58"
"2023,18,0,1,32"
"2023,17,0,1,10"
"2023,16,0,1,2"
"2023,15,0,1,2"
"2023,49,1,0,2"
"2023,48,1,0,0"
"2023,47,1,0,0"
"2023,46,1,0,1"
"2023,45,1,0,2"
"2023,44,1,0,1"
"2023,43,1,0,9"
"2023,42,1,0,18"
"2023,41,1,0,31"
"2023,40,1,0,43"
"2023,39,1,0,61"
"2023,38,1,0,95"
"2023,37,1,0,73"
"2023,36,1,0,116"
"2023,35,1,0,116"
"2023,34,1,0,122"
"2023,33,1,0,126"
"2023,32,1,0,125"
"2023,31,1,0,124"
"2023,30,1,0,109"
"2023,29,1,0,129"
"2023,28,1,0,117"
"2023,27,1,0,121"
"2023,26,1,0,113"
"2023,25,1,0,117"
"2023,24,1,0,96"
"2023,23,1,0,101"
"2023,22,1,0,102"
"2023,21,1,0,80"
"2023,20,1,0,61"
"2023,19,1,0,42"
"2023,18,1,0,31"
"2023,17,1,0,13"
"2023,16,1,0,5"
"2023,15,1,0,1"
"2023,15,1,1,1"
"2023,16,1,1,10"
"2023,17,1,1,12"
"2023,18,1,1,22"
"2023,19,1,1,42"
"2023,20,1,1,79"
"2023,21,1,1,86"
"2023,22,1,1,99"
"2023,23,1,1,138"
"2023,24,1,1,166"
"2023,25,1,1,187"
"2023,26,1,1,182"
"2023,27,1,1,196"
"2023,28,1,1,181"
"2023,29,1,1,213"
"2023,30,1,1,192"
"2023,31,1,1,233"
"2023,32,1,1,208"
"2023,33,1,1,219"
"2023,34,1,1,237"
"2023,35,1,1,219"
"2023,36,1,1,206"
"2023,37,1,1,147"
"2023,38,1,1,151"
"2023,39,1,1,125"
"2023,40,1,1,89"
"2023,41,1,1,55"
"2023,42,1,1,45"
"2023,43,1,1,25"
"2023,44,1,1,9"
"2023,45,1,1,5"
"2023,46,1,1,3"
"2023,47,1,1,5"
"2023,48,1,1,0"
"2023,49,1,1,1"
