"Year,Age,ID_sex,ID_np,M_come,M_out"
"2014,0,1,1,127,104"
"2014,1,1,1,205,128"
"2014,2,1,1,187,149"
"2014,3,1,1,142,123"
"2014,4,1,1,142,119"
"2014,5,1,1,132,107"
"2014,6,1,1,192,131"
"2014,7,1,1,141,137"
"2014,8,1,1,77,79"
"2014,9,1,1,93,91"
"2014,10,1,1,87,87"
"2014,11,1,1,62,65"
"2014,12,1,1,64,74"
"2014,13,1,1,61,64"
"2014,14,1,1,84,47"
"2014,15,1,1,163,97"
"2014,16,1,1,504,306"
"2014,17,1,1,411,320"
"2014,18,1,1,611,634"
"2014,19,1,1,354,347"
"2014,20,1,1,384,342"
"2014,21,1,1,280,292"
"2014,22,1,1,299,270"
"2014,23,1,1,293,283"
"2014,24,1,1,324,253"
"2014,25,1,1,309,287"
"2014,26,1,1,316,316"
"2014,27,1,1,363,304"
"2014,28,1,1,330,310"
"2014,29,1,1,326,271"
"2014,30,1,1,261,244"
"2014,31,1,1,277,240"
"2014,32,1,1,216,223"
"2014,33,1,1,219,213"
"2014,34,1,1,196,191"
"2014,35,1,1,187,183"
"2014,36,1,1,171,196"
"2014,37,1,1,139,136"
"2014,38,1,1,160,156"
"2014,39,1,1,129,137"
"2014,40,1,1,112,127"
"2014,41,1,1,115,107"
"2014,42,1,1,120,93"
"2014,43,1,1,109,97"
"2014,44,1,1,97,96"
"2014,45,1,1,69,99"
"2014,46,1,1,78,70"
"2014,47,1,1,75,76"
"2014,48,1,1,89,61"
"2014,49,1,1,64,74"
"2014,50,1,1,74,73"
"2014,51,1,1,48,70"
"2014,52,1,1,79,83"
"2014,53,1,1,71,70"
"2014,54,1,1,70,97"
"2014,55,1,1,73,55"
"2014,56,1,1,87,67"
"2014,57,1,1,63,63"
"2014,58,1,1,44,70"
"2014,59,1,1,54,63"
"2014,60,1,1,49,47"
"2014,61,1,1,47,65"
"2014,62,1,1,45,67"
"2014,63,1,1,45,40"
"2014,64,1,1,43,53"
"2014,65,1,1,32,40"
"2014,66,1,1,22,27"
"2014,67,1,1,18,34"
"2014,68,1,1,10,23"
"2014,69,1,1,18,11"
"2014,70,1,1,6,15"
"2014,71,1,1,7,12"
"2014,72,1,1,11,10"
"2014,73,1,1,12,19"
"2014,74,1,1,10,19"
"2014,75,1,1,14,13"
"2014,76,1,1,10,8"
"2014,77,1,1,7,9"
"2014,78,1,1,9,13"
"2014,79,1,1,10,11"
"2014,80,1,1,8,8"
"2014,81,1,1,6,7"
"2014,82,1,1,6,8"
"2014,83,1,1,11,7"
"2014,84,1,1,7,5"
"2014,85,1,1,2,2"
"2014,86,1,1,5,4"
"2014,87,1,1,1,1"
"2014,88,1,1,3,2"
"2014,89,1,1,1,1"
"2014,90,1,1,1,1"
"2014,91,1,1,2,2"
"2014,92,1,1,0,1"
"2014,93,1,1,0,0"
"2014,94,1,1,1,0"
"2014,95,1,1,0,0"
"2014,100,1,1,0,0"
"2014,96,1,1,0,0"
"2014,97,1,1,0,0"
"2014,98,1,1,0,0"
"2014,99,1,1,0,0"
"2014,0,1,0,145,175"
"2014,1,1,0,178,255"
"2014,2,1,0,193,230"
"2014,3,1,0,133,180"
"2014,4,1,0,142,195"
"2014,5,1,0,128,157"
"2014,6,1,0,145,239"
"2014,7,1,0,145,164"
"2014,8,1,0,94,115"
"2014,9,1,0,75,101"
"2014,10,1,0,93,115"
"2014,11,1,0,74,80"
"2014,12,1,0,70,82"
"2014,13,1,0,73,83"
"2014,14,1,0,65,88"
"2014,15,1,0,123,204"
"2014,16,1,0,308,548"
"2014,17,1,0,276,381"
"2014,18,1,0,284,394"
"2014,19,1,0,153,207"
"2014,20,1,0,214,233"
"2014,21,1,0,172,175"
"2014,22,1,0,172,188"
"2014,23,1,0,188,230"
"2014,24,1,0,201,279"
"2014,25,1,0,214,274"
"2014,26,1,0,253,298"
"2014,27,1,0,254,341"
"2014,28,1,0,241,300"
"2014,29,1,0,241,293"
"2014,30,1,0,211,263"
"2014,31,1,0,179,235"
"2014,32,1,0,177,202"
"2014,33,1,0,187,198"
"2014,34,1,0,176,190"
"2014,35,1,0,138,147"
"2014,36,1,0,132,137"
"2014,37,1,0,136,132"
"2014,38,1,0,116,138"
"2014,39,1,0,89,94"
"2014,40,1,0,86,89"
"2014,41,1,0,75,91"
"2014,42,1,0,81,66"
"2014,43,1,0,72,77"
"2014,44,1,0,72,76"
"2014,45,1,0,77,59"
"2014,46,1,0,58,48"
"2014,47,1,0,63,48"
"2014,48,1,0,60,49"
"2014,49,1,0,76,67"
"2014,50,1,0,74,63"
"2014,51,1,0,72,49"
"2014,52,1,0,85,52"
"2014,53,1,0,77,64"
"2014,54,1,0,80,63"
"2014,55,1,0,66,57"
"2014,56,1,0,79,66"
"2014,57,1,0,58,58"
"2014,58,1,0,74,51"
"2014,59,1,0,57,50"
"2014,60,1,0,49,49"
"2014,61,1,0,51,41"
"2014,62,1,0,56,44"
"2014,63,1,0,42,40"
"2014,64,1,0,52,39"
"2014,65,1,0,40,26"
"2014,66,1,0,29,30"
"2014,67,1,0,35,22"
"2014,68,1,0,17,6"
"2014,69,1,0,10,18"
"2014,70,1,0,9,7"
"2014,71,1,0,17,5"
"2014,72,1,0,10,14"
"2014,73,1,0,18,13"
"2014,74,1,0,22,13"
"2014,75,1,0,16,13"
"2014,76,1,0,9,9"
"2014,77,1,0,9,4"
"2014,78,1,0,8,8"
"2014,79,1,0,17,11"
"2014,80,1,0,10,12"
"2014,81,1,0,7,6"
"2014,82,1,0,6,8"
"2014,83,1,0,5,8"
"2014,84,1,0,4,7"
"2014,85,1,0,2,6"
"2014,86,1,0,5,2"
"2014,87,1,0,3,2"
"2014,88,1,0,1,1"
"2014,89,1,0,2,1"
"2014,90,1,0,1,2"
"2014,91,1,0,1,1"
"2014,92,1,0,0,1"
"2014,93,1,0,0,0"
"2014,94,1,0,0,0"
"2014,95,1,0,0,0"
"2014,96,1,0,0,0"
"2014,97,1,0,0,0"
"2014,98,1,0,0,0"
"2014,99,1,0,0,0"
"2014,100,1,0,0,0"
"2014,0,0,1,112,110"
"2014,1,0,1,179,127"
"2014,2,0,1,172,136"
"2014,3,0,1,141,127"
"2014,4,0,1,143,123"
"2014,5,0,1,132,92"
"2014,6,0,1,188,124"
"2014,7,0,1,125,108"
"2014,8,0,1,88,67"
"2014,9,0,1,93,91"
"2014,10,0,1,85,77"
"2014,11,0,1,72,61"
"2014,12,0,1,71,52"
"2014,13,0,1,50,55"
"2014,14,0,1,72,64"
"2014,15,0,1,191,107"
"2014,16,0,1,535,290"
"2014,17,0,1,570,418"
"2014,18,0,1,897,834"
"2014,19,0,1,667,531"
"2014,20,0,1,577,518"
"2014,21,0,1,370,383"
"2014,22,0,1,426,399"
"2014,23,0,1,438,404"
"2014,24,0,1,528,373"
"2014,25,0,1,479,441"
"2014,26,0,1,538,448"
"2014,27,0,1,507,419"
"2014,28,0,1,452,394"
"2014,29,0,1,431,351"
"2014,30,0,1,379,306"
"2014,31,0,1,313,295"
"2014,32,0,1,267,266"
"2014,33,0,1,261,251"
"2014,34,0,1,230,203"
"2014,35,0,1,212,188"
"2014,36,0,1,158,183"
"2014,37,0,1,152,150"
"2014,38,0,1,135,137"
"2014,39,0,1,131,117"
"2014,40,0,1,113,123"
"2014,41,0,1,96,103"
"2014,42,0,1,92,90"
"2014,43,0,1,67,86"
"2014,44,0,1,84,88"
"2014,45,0,1,74,91"
"2014,46,0,1,71,64"
"2014,47,0,1,86,82"
"2014,48,0,1,70,85"
"2014,49,0,1,66,91"
"2014,50,0,1,68,83"
"2014,51,0,1,78,75"
"2014,52,0,1,89,94"
"2014,53,0,1,81,84"
"2014,54,0,1,80,76"
"2014,55,0,1,105,104"
"2014,56,0,1,95,86"
"2014,57,0,1,79,81"
"2014,58,0,1,72,80"
"2014,59,0,1,81,88"
"2014,60,0,1,80,90"
"2014,61,0,1,68,73"
"2014,62,0,1,63,81"
"2014,63,0,1,58,77"
"2014,64,0,1,61,60"
"2014,65,0,1,48,62"
"2014,66,0,1,27,42"
"2014,67,0,1,37,40"
"2014,68,0,1,17,27"
"2014,69,0,1,22,20"
"2014,70,0,1,32,22"
"2014,71,0,1,18,19"
"2014,72,0,1,34,42"
"2014,73,0,1,41,32"
"2014,74,0,1,40,38"
"2014,75,0,1,46,43"
"2014,76,0,1,33,30"
"2014,77,0,1,32,26"
"2014,78,0,1,39,28"
"2014,79,0,1,24,21"
"2014,80,0,1,39,28"
"2014,81,0,1,44,30"
"2014,82,0,1,36,31"
"2014,83,0,1,30,28"
"2014,84,0,1,23,24"
"2014,85,0,1,22,20"
"2014,86,0,1,13,18"
"2014,87,0,1,15,9"
"2014,88,0,1,11,8"
"2014,89,0,1,12,9"
"2014,90,0,1,9,5"
"2014,91,0,1,8,8"
"2014,92,0,1,6,6"
"2014,93,0,1,4,5"
"2014,94,0,1,4,5"
"2014,95,0,1,3,2"
"2014,96,0,1,4,1"
"2014,97,0,1,1,2"
"2014,98,0,1,1,0"
"2014,99,0,1,1,0"
"2014,100,0,1,0,2"
"2014,0,0,0,139,176"
"2014,1,0,0,185,248"
"2014,2,0,0,172,233"
"2014,3,0,0,133,153"
"2014,4,0,0,141,180"
"2014,5,0,0,132,168"
"2014,6,0,0,159,242"
"2014,7,0,0,137,149"
"2014,8,0,0,83,124"
"2014,9,0,0,88,96"
"2014,10,0,0,90,119"
"2014,11,0,0,72,89"
"2014,12,0,0,62,78"
"2014,13,0,0,56,62"
"2014,14,0,0,73,85"
"2014,15,0,0,120,209"
"2014,16,0,0,303,584"
"2014,17,0,0,336,535"
"2014,18,0,0,402,720"
"2014,19,0,0,314,449"
"2014,20,0,0,362,424"
"2014,21,0,0,295,307"
"2014,22,0,0,358,363"
"2014,23,0,0,343,447"
"2014,24,0,0,313,487"
"2014,25,0,0,356,481"
"2014,26,0,0,352,503"
"2014,27,0,0,335,544"
"2014,28,0,0,332,450"
"2014,29,0,0,287,410"
"2014,30,0,0,273,411"
"2014,31,0,0,249,341"
"2014,32,0,0,206,283"
"2014,33,0,0,182,259"
"2014,34,0,0,151,219"
"2014,35,0,0,145,208"
"2014,36,0,0,149,154"
"2014,37,0,0,113,133"
"2014,38,0,0,111,112"
"2014,39,0,0,88,115"
"2014,40,0,0,90,103"
"2014,41,0,0,91,87"
"2014,42,0,0,77,68"
"2014,43,0,0,67,66"
"2014,44,0,0,64,72"
"2014,45,0,0,70,81"
"2014,46,0,0,53,58"
"2014,47,0,0,54,62"
"2014,48,0,0,62,50"
"2014,49,0,0,75,57"
"2014,50,0,0,75,49"
"2014,51,0,0,63,57"
"2014,52,0,0,83,77"
"2014,53,0,0,75,55"
"2014,54,0,0,85,80"
"2014,55,0,0,89,94"
"2014,56,0,0,80,82"
"2014,57,0,0,70,78"
"2014,58,0,0,80,65"
"2014,59,0,0,69,64"
"2014,60,0,0,71,80"
"2014,61,0,0,69,57"
"2014,62,0,0,62,58"
"2014,63,0,0,63,54"
"2014,64,0,0,45,45"
"2014,65,0,0,49,45"
"2014,66,0,0,41,22"
"2014,67,0,0,38,31"
"2014,68,0,0,22,22"
"2014,69,0,0,16,17"
"2014,70,0,0,13,23"
"2014,71,0,0,17,16"
"2014,72,0,0,29,35"
"2014,73,0,0,24,34"
"2014,100,0,0,1,1"
"2014,74,0,0,29,38"
"2014,75,0,0,34,47"
"2014,76,0,0,28,35"
"2014,77,0,0,31,31"
"2014,78,0,0,20,34"
"2014,79,0,0,16,25"
"2014,80,0,0,25,30"
"2014,81,0,0,24,34"
"2014,82,0,0,32,37"
"2014,83,0,0,23,31"
"2014,84,0,0,24,32"
"2014,85,0,0,17,23"
"2014,86,0,0,17,15"
"2014,87,0,0,15,22"
"2014,88,0,0,10,17"
"2014,89,0,0,10,14"
"2014,90,0,0,12,14"
"2014,91,0,0,6,8"
"2014,92,0,0,5,7"
"2014,93,0,0,6,5"
"2014,94,0,0,3,5"
"2014,95,0,0,1,2"
"2014,96,0,0,1,3"
"2014,97,0,0,2,1"
"2014,98,0,0,1,2"
"2014,99,0,0,0,0"
"2015,99,0,0,0,0"
"2015,98,0,0,1,1"
"2015,97,0,0,2,1"
"2015,96,0,0,1,3"
"2015,95,0,0,1,2"
"2015,94,0,0,3,6"
"2015,93,0,0,6,5"
"2015,92,0,0,5,7"
"2015,91,0,0,6,8"
"2015,90,0,0,12,13"
"2015,89,0,0,11,13"
"2015,88,0,0,11,16"
"2015,87,0,0,15,20"
"2015,86,0,0,18,14"
"2015,85,0,0,17,21"
"2015,84,0,0,25,30"
"2015,83,0,0,24,28"
"2015,82,0,0,33,34"
"2015,81,0,0,25,31"
"2015,80,0,0,26,28"
"2015,79,0,0,24,29"
"2015,78,0,0,19,36"
"2015,77,0,0,30,31"
"2015,76,0,0,33,31"
"2015,75,0,0,36,45"
"2015,74,0,0,17,17"
"2015,100,0,0,1,1"
"2015,73,0,0,28,22"
"2015,72,0,0,16,20"
"2015,71,0,0,12,10"
"2015,70,0,0,22,12"
"2015,69,0,0,27,16"
"2015,68,0,0,47,35"
"2015,67,0,0,32,34"
"2015,66,0,0,59,41"
"2015,65,0,0,62,36"
"2015,64,0,0,71,41"
"2015,63,0,0,54,55"
"2015,62,0,0,59,42"
"2015,61,0,0,64,56"
"2015,60,0,0,87,61"
"2015,59,0,0,83,61"
"2015,58,0,0,77,62"
"2015,57,0,0,91,53"
"2015,56,0,0,114,79"
"2015,55,0,0,104,77"
"2015,54,0,0,89,70"
"2015,53,0,0,73,67"
"2015,52,0,0,63,65"
"2015,51,0,0,71,64"
"2015,50,0,0,64,58"
"2015,49,0,0,65,48"
"2015,48,0,0,65,59"
"2015,47,0,0,64,46"
"2015,46,0,0,49,63"
"2015,45,0,0,82,73"
"2015,44,0,0,87,60"
"2015,43,0,0,64,54"
"2015,42,0,0,76,88"
"2015,41,0,0,115,84"
"2015,40,0,0,129,105"
"2015,39,0,0,121,120"
"2015,38,0,0,106,124"
"2015,37,0,0,154,158"
"2015,36,0,0,180,177"
"2015,35,0,0,159,174"
"2015,34,0,0,195,227"
"2015,33,0,0,216,235"
"2015,32,0,0,250,293"
"2015,31,0,0,271,325"
"2015,30,0,0,296,329"
"2015,29,0,0,292,374"
"2015,28,0,0,340,435"
"2015,27,0,0,372,480"
"2015,26,0,0,376,471"
"2015,25,0,0,369,425"
"2015,24,0,0,363,434"
"2015,23,0,0,356,391"
"2015,22,0,0,432,328"
"2015,21,0,0,467,305"
"2015,20,0,0,469,364"
"2015,19,0,0,701,433"
"2015,18,0,0,541,730"
"2015,17,0,0,224,518"
"2015,16,0,0,192,557"
"2015,15,0,0,86,218"
"2015,14,0,0,70,63"
"2015,13,0,0,69,81"
"2015,12,0,0,89,90"
"2015,11,0,0,78,95"
"2015,10,0,0,104,85"
"2015,9,0,0,88,97"
"2015,8,0,0,118,109"
"2015,7,0,0,155,167"
"2015,6,0,0,150,261"
"2015,5,0,0,131,144"
"2015,4,0,0,180,183"
"2015,3,0,0,180,192"
"2015,2,0,0,203,216"
"2015,1,0,0,180,192"
"2015,0,0,0,126,121"
"2015,100,0,1,0,1"
"2015,99,0,1,0,0"
"2015,98,0,1,1,1"
"2015,97,0,1,1,1"
"2015,96,0,1,3,1"
"2015,95,0,1,2,2"
"2015,94,0,1,2,3"
"2015,93,0,1,3,5"
"2015,92,0,1,4,4"
"2015,91,0,1,6,6"
"2015,90,0,1,6,3"
"2015,89,0,1,9,7"
"2015,88,0,1,8,7"
"2015,87,0,1,11,7"
"2015,86,0,1,9,13"
"2015,85,0,1,16,15"
"2015,84,0,1,17,18"
"2015,83,0,1,21,21"
"2015,82,0,1,25,23"
"2015,81,0,1,31,24"
"2015,80,0,1,28,21"
"2015,79,0,1,33,22"
"2015,78,0,1,35,35"
"2015,77,0,1,37,29"
"2015,76,0,1,47,38"
"2015,75,0,1,41,53"
"2015,74,0,1,33,28"
"2015,73,0,1,19,34"
"2015,72,0,1,12,17"
"2015,71,0,1,9,15"
"2015,70,0,1,14,20"
"2015,69,0,1,17,30"
"2015,68,0,1,30,39"
"2015,67,0,1,41,38"
"2015,66,0,1,38,69"
"2015,65,0,1,42,67"
"2015,64,0,1,61,87"
"2015,63,0,1,63,73"
"2015,62,0,1,55,80"
"2015,61,0,1,63,79"
"2015,60,0,1,77,107"
"2015,59,0,1,59,104"
"2015,58,0,1,74,100"
"2015,57,0,1,63,107"
"2015,56,0,1,96,115"
"2015,55,0,1,89,110"
"2015,54,0,1,87,123"
"2015,53,0,1,77,100"
"2015,52,0,1,61,88"
"2015,51,0,1,66,89"
"2015,50,0,1,62,74"
"2015,49,0,1,56,86"
"2015,48,0,1,62,87"
"2015,47,0,1,76,90"
"2015,46,0,1,67,73"
"2015,45,0,1,72,89"
"2015,44,0,1,68,99"
"2015,43,0,1,60,108"
"2015,42,0,1,92,105"
"2015,41,0,1,108,154"
"2015,40,0,1,111,143"
"2015,39,0,1,115,148"
"2015,38,0,1,145,172"
"2015,37,0,1,160,205"
"2015,36,0,1,196,182"
"2015,35,0,1,194,225"
"2015,34,0,1,219,207"
"2015,33,0,1,232,265"
"2015,32,0,1,294,295"
"2015,31,0,1,304,363"
"2015,30,0,1,321,350"
"2015,29,0,1,373,372"
"2015,28,0,1,426,412"
"2015,27,0,1,482,438"
"2015,26,0,1,449,407"
"2015,25,0,1,389,401"
"2015,24,0,1,399,426"
"2015,23,0,1,407,469"
"2015,22,0,1,423,532"
"2015,21,0,1,521,631"
"2015,20,0,1,597,744"
"2015,19,0,1,719,1081"
"2015,18,0,1,939,989"
"2015,17,0,1,512,277"
"2015,16,0,1,503,162"
"2015,15,0,1,200,72"
"2015,14,0,1,53,59"
"2015,13,0,1,68,68"
"2015,12,0,1,86,90"
"2015,11,0,1,79,82"
"2015,10,0,1,65,90"
"2015,9,0,1,88,99"
"2015,8,0,1,83,121"
"2015,7,0,1,142,132"
"2015,6,0,1,230,128"
"2015,5,0,1,131,142"
"2015,4,0,1,136,134"
"2015,3,0,1,151,166"
"2015,2,0,1,156,162"
"2015,1,0,1,148,160"
"2015,0,0,1,92,103"
"2015,100,1,0,0,0"
"2015,99,1,0,0,0"
"2015,98,1,0,0,0"
"2015,97,1,0,0,0"
"2015,96,1,0,0,0"
"2015,95,1,0,0,0"
"2015,94,1,0,0,0"
"2015,93,1,0,0,0"
"2015,92,1,0,0,1"
"2015,91,1,0,1,1"
"2015,90,1,0,1,2"
"2015,89,1,0,2,0"
"2015,88,1,0,1,1"
"2015,87,1,0,2,2"
"2015,86,1,0,5,3"
"2015,85,1,0,1,5"
"2015,84,1,0,4,7"
"2015,83,1,0,5,5"
"2015,82,1,0,5,7"
"2015,81,1,0,6,6"
"2015,80,1,0,9,10"
"2015,79,1,0,14,10"
"2015,78,1,0,7,4"
"2015,77,1,0,5,8"
"2015,76,1,0,21,16"
"2015,75,1,0,28,22"
"2015,74,1,0,15,22"
"2015,73,1,0,16,17"
"2015,72,1,0,9,10"
"2015,71,1,0,5,5"
"2015,70,1,0,15,13"
"2015,69,1,0,21,13"
"2015,68,1,0,35,18"
"2015,67,1,0,29,28"
"2015,66,1,0,46,30"
"2015,65,1,0,50,42"
"2015,64,1,0,70,44"
"2015,63,1,0,58,40"
"2015,62,1,0,38,30"
"2015,61,1,0,65,36"
"2015,60,1,0,71,41"
"2015,59,1,0,77,57"
"2015,58,1,0,88,50"
"2015,57,1,0,92,46"
"2015,56,1,0,85,62"
"2015,55,1,0,102,72"
"2015,54,1,0,82,59"
"2015,53,1,0,79,53"
"2015,52,1,0,69,52"
"2015,51,1,0,93,54"
"2015,50,1,0,71,44"
"2015,49,1,0,67,56"
"2015,48,1,0,83,53"
"2015,47,1,0,79,57"
"2015,46,1,0,81,61"
"2015,45,1,0,97,71"
"2015,44,1,0,107,83"
"2015,43,1,0,95,82"
"2015,42,1,0,107,72"
"2015,41,1,0,104,102"
"2015,40,1,0,124,83"
"2015,39,1,0,129,101"
"2015,38,1,0,141,144"
"2015,37,1,0,129,120"
"2015,36,1,0,163,148"
"2015,35,1,0,154,148"
"2015,34,1,0,194,182"
"2015,33,1,0,180,190"
"2015,32,1,0,240,235"
"2015,31,1,0,205,203"
"2015,30,1,0,255,275"
"2015,29,1,0,278,272"
"2015,28,1,0,272,275"
"2015,27,1,0,267,279"
"2015,26,1,0,230,230"
"2015,25,1,0,241,237"
"2015,24,1,0,204,167"
"2015,23,1,0,181,184"
"2015,22,1,0,212,177"
"2015,21,1,0,227,200"
"2015,20,1,0,253,206"
"2015,19,1,0,462,240"
"2015,18,1,0,395,394"
"2015,17,1,0,209,378"
"2015,16,1,0,183,492"
"2015,15,1,0,108,195"
"2015,14,1,0,64,80"
"2015,13,1,0,69,58"
"2015,12,1,0,72,93"
"2015,11,1,0,92,108"
"2015,10,1,0,110,105"
"2015,9,1,0,96,100"
"2015,8,1,0,139,124"
"2015,7,1,0,144,153"
"2015,6,1,0,182,240"
"2015,5,1,0,157,202"
"2015,4,1,0,158,172"
"2015,3,1,0,195,218"
"2015,2,1,0,197,235"
"2015,1,1,0,190,187"
"2015,0,1,0,104,137"
"2015,99,1,1,0,0"
"2015,98,1,1,0,0"
"2015,97,1,1,0,0"
"2015,96,1,1,0,0"
"2015,100,1,1,0,0"
"2015,95,1,1,0,0"
"2015,94,1,1,1,0"
"2015,93,1,1,0,0"
"2015,92,1,1,0,1"
"2015,91,1,1,2,2"
"2015,90,1,1,2,1"
"2015,89,1,1,1,1"
"2015,88,1,1,3,2"
"2015,87,1,1,1,1"
"2015,86,1,1,5,4"
"2015,85,1,1,2,2"
"2015,84,1,1,7,5"
"2015,83,1,1,12,7"
"2015,82,1,1,6,8"
"2015,81,1,1,6,7"
"2015,80,1,1,8,8"
"2015,79,1,1,14,15"
"2015,78,1,1,12,8"
"2015,77,1,1,7,6"
"2015,76,1,1,18,22"
"2015,75,1,1,19,23"
"2015,74,1,1,23,23"
"2015,73,1,1,17,17"
"2015,72,1,1,10,13"
"2015,71,1,1,3,4"
"2015,70,1,1,13,13"
"2015,69,1,1,16,24"
"2015,68,1,1,22,37"
"2015,67,1,1,29,34"
"2015,66,1,1,26,46"
"2015,65,1,1,35,53"
"2015,64,1,1,33,68"
"2015,63,1,1,46,67"
"2015,62,1,1,41,52"
"2015,61,1,1,33,66"
"2015,60,1,1,49,86"
"2015,59,1,1,57,68"
"2015,58,1,1,40,81"
"2015,57,1,1,47,86"
"2015,56,1,1,64,75"
"2015,55,1,1,70,104"
"2015,54,1,1,56,85"
"2015,53,1,1,57,87"
"2015,52,1,1,64,71"
"2015,51,1,1,62,103"
"2015,50,1,1,51,82"
"2015,49,1,1,71,108"
"2015,48,1,1,70,98"
"2015,47,1,1,80,95"
"2015,46,1,1,79,116"
"2015,45,1,1,86,119"
"2015,44,1,1,88,111"
"2015,43,1,1,92,118"
"2015,42,1,1,103,121"
"2015,41,1,1,114,128"
"2015,40,1,1,118,159"
"2015,39,1,1,132,157"
"2015,38,1,1,162,154"
"2015,37,1,1,149,160"
"2015,36,1,1,153,189"
"2015,35,1,1,180,201"
"2015,34,1,1,169,195"
"2015,33,1,1,207,231"
"2015,32,1,1,241,261"
"2015,31,1,1,236,267"
"2015,30,1,1,266,284"
"2015,29,1,1,317,323"
"2015,28,1,1,279,298"
"2015,27,1,1,300,317"
"2015,26,1,1,293,294"
"2015,25,1,1,260,297"
"2015,24,1,1,234,285"
"2015,23,1,1,262,291"
"2015,22,1,1,266,328"
"2015,21,1,1,351,381"
"2015,20,1,1,358,443"
"2015,19,1,1,456,735"
"2015,18,1,1,542,765"
"2015,17,1,1,330,215"
"2015,16,1,1,419,136"
"2015,15,1,1,144,70"
"2015,14,1,1,65,67"
"2015,13,1,1,58,57"
"2015,12,1,1,73,79"
"2015,11,1,1,68,96"
"2015,10,1,1,89,100"
"2015,9,1,1,90,93"
"2015,8,1,1,80,103"
"2015,7,1,1,144,147"
"2015,6,1,1,194,136"
"2015,5,1,1,147,127"
"2015,4,1,1,146,146"
"2015,3,1,1,164,167"
"2015,2,1,1,196,180"
"2015,1,1,1,134,138"
"2015,0,1,1,123,85"
"2016,0,1,1,116,106"
"2016,1,1,1,158,147"
"2016,2,1,1,193,144"
"2016,3,1,1,157,174"
"2016,4,1,1,150,148"
"2016,5,1,1,155,148"
"2016,6,1,1,248,172"
"2016,7,1,1,156,167"
"2016,8,1,1,88,106"
"2016,9,1,1,90,89"
"2016,10,1,1,74,84"
"2016,11,1,1,88,92"
"2016,12,1,1,68,82"
"2016,13,1,1,89,83"
"2016,14,1,1,58,65"
"2016,15,1,1,166,76"
"2016,16,1,1,474,135"
"2016,17,1,1,388,236"
"2016,18,1,1,614,766"
"2016,19,1,1,453,657"
"2016,20,1,1,388,433"
"2016,21,1,1,378,302"
"2016,22,1,1,321,278"
"2016,23,1,1,223,250"
"2016,24,1,1,237,234"
"2016,25,1,1,267,257"
"2016,26,1,1,275,244"
"2016,27,1,1,282,254"
"2016,28,1,1,309,344"
"2016,29,1,1,288,307"
"2016,30,1,1,305,291"
"2016,31,1,1,266,263"
"2016,32,1,1,231,263"
"2016,33,1,1,223,263"
"2016,34,1,1,187,214"
"2016,35,1,1,172,221"
"2016,36,1,1,154,171"
"2016,37,1,1,161,155"
"2016,38,1,1,129,190"
"2016,39,1,1,146,172"
"2016,40,1,1,112,164"
"2016,41,1,1,95,121"
"2016,42,1,1,102,117"
"2016,43,1,1,88,106"
"2016,44,1,1,104,136"
"2016,45,1,1,82,119"
"2016,46,1,1,80,85"
"2016,47,1,1,65,83"
"2016,48,1,1,70,93"
"2016,49,1,1,71,87"
"2016,50,1,1,72,90"
"2016,51,1,1,49,100"
"2016,52,1,1,68,79"
"2016,53,1,1,58,91"
"2016,54,1,1,69,86"
"2016,55,1,1,63,101"
"2016,56,1,1,46,90"
"2016,57,1,1,74,103"
"2016,58,1,1,49,78"
"2016,59,1,1,54,68"
"2016,60,1,1,56,79"
"2016,61,1,1,53,67"
"2016,62,1,1,47,63"
"2016,63,1,1,46,68"
"2016,64,1,1,36,54"
"2016,65,1,1,58,57"
"2016,66,1,1,51,40"
"2016,67,1,1,32,45"
"2016,68,1,1,25,24"
"2016,69,1,1,22,38"
"2016,70,1,1,20,20"
"2016,71,1,1,12,18"
"2016,72,1,1,5,5"
"2016,73,1,1,8,9"
"2016,74,1,1,14,10"
"2016,75,1,1,22,17"
"2016,76,1,1,23,17"
"2016,77,1,1,23,14"
"2016,78,1,1,14,9"
"2016,79,1,1,7,9"
"2016,80,1,1,12,9"
"2016,81,1,1,8,8"
"2016,82,1,1,8,9"
"2016,83,1,1,16,8"
"2016,84,1,1,10,5"
"2016,85,1,1,3,2"
"2016,86,1,1,7,4"
"2016,87,1,1,2,1"
"2016,88,1,1,4,2"
"2016,89,1,1,1,1"
"2016,90,1,1,2,2"
"2016,91,1,1,3,2"
"2016,92,1,1,0,1"
"2016,93,1,1,0,1"
"2016,94,1,1,1,0"
"2016,95,1,1,0,0"
"2016,100,1,1,0,0"
"2016,96,1,1,0,0"
"2016,97,1,1,0,0"
"2016,98,1,1,0,0"
"2016,99,1,1,0,0"
"2016,0,1,0,128,159"
"2016,1,1,0,204,239"
"2016,2,1,0,190,243"
"2016,3,1,0,196,210"
"2016,4,1,0,190,215"
"2016,5,1,0,181,217"
"2016,6,1,0,183,275"
"2016,7,1,0,181,188"
"2016,8,1,0,141,122"
"2016,9,1,0,110,114"
"2016,10,1,0,110,115"
"2016,11,1,0,92,96"
"2016,12,1,0,85,86"
"2016,13,1,0,93,104"
"2016,14,1,0,85,87"
"2016,15,1,0,85,204"
"2016,16,1,0,187,574"
"2016,17,1,0,207,378"
"2016,18,1,0,437,469"
"2016,19,1,0,410,274"
"2016,20,1,0,260,217"
"2016,21,1,0,230,198"
"2016,22,1,0,170,185"
"2016,23,1,0,162,139"
"2016,24,1,0,191,189"
"2016,25,1,0,199,234"
"2016,26,1,0,230,285"
"2016,27,1,0,228,252"
"2016,28,1,0,255,291"
"2016,29,1,0,277,284"
"2016,30,1,0,234,252"
"2016,31,1,0,217,238"
"2016,32,1,0,225,223"
"2016,33,1,0,192,203"
"2016,34,1,0,197,179"
"2016,35,1,0,183,160"
"2016,36,1,0,161,149"
"2016,37,1,0,135,140"
"2016,38,1,0,153,106"
"2016,39,1,0,129,106"
"2016,40,1,0,127,111"
"2016,41,1,0,112,102"
"2016,42,1,0,120,82"
"2016,43,1,0,107,77"
"2016,44,1,0,120,89"
"2016,45,1,0,107,83"
"2016,46,1,0,87,65"
"2016,47,1,0,56,52"
"2016,48,1,0,63,54"
"2016,49,1,0,78,69"
"2016,50,1,0,80,58"
"2016,51,1,0,82,55"
"2016,52,1,0,69,67"
"2016,53,1,0,82,67"
"2016,54,1,0,92,81"
"2016,55,1,0,88,48"
"2016,56,1,0,95,66"
"2016,57,1,0,86,66"
"2016,58,1,0,86,54"
"2016,59,1,0,84,65"
"2016,60,1,0,80,66"
"2016,61,1,0,63,51"
"2016,62,1,0,68,53"
"2016,63,1,0,51,44"
"2016,64,1,0,51,39"
"2016,65,1,0,53,51"
"2016,66,1,0,45,53"
"2016,67,1,0,47,33"
"2016,68,1,0,31,24"
"2016,69,1,0,34,26"
"2016,70,1,0,13,19"
"2016,71,1,0,14,8"
"2016,72,1,0,2,5"
"2016,73,1,0,8,4"
"2016,74,1,0,14,14"
"2016,75,1,0,25,24"
"2016,76,1,0,22,23"
"2016,77,1,0,9,20"
"2016,78,1,0,7,12"
"2016,79,1,0,11,7"
"2016,80,1,0,11,14"
"2016,81,1,0,7,8"
"2016,82,1,0,6,10"
"2016,83,1,0,6,9"
"2016,84,1,0,5,9"
"2016,85,1,0,2,7"
"2016,86,1,0,6,4"
"2016,87,1,0,3,2"
"2016,88,1,0,1,1"
"2016,89,1,0,2,1"
"2016,90,1,0,1,3"
"2016,91,1,0,1,1"
"2016,92,1,0,0,1"
"2016,93,1,0,0,0"
"2016,94,1,0,1,0"
"2016,95,1,0,0,0"
"2016,96,1,0,0,0"
"2016,97,1,0,0,0"
"2016,98,1,0,0,0"
"2016,99,1,0,0,0"
"2016,100,1,0,0,0"
"2016,0,0,1,126,105"
"2016,1,0,1,170,133"
"2016,2,0,1,196,150"
"2016,3,0,1,142,154"
"2016,4,0,1,142,141"
"2016,5,0,1,140,149"
"2016,6,0,1,224,145"
"2016,7,0,1,141,144"
"2016,8,0,1,96,121"
"2016,9,0,1,78,83"
"2016,10,0,1,85,85"
"2016,11,0,1,75,83"
"2016,12,0,1,57,86"
"2016,13,0,1,65,88"
"2016,14,0,1,68,65"
"2016,15,0,1,179,74"
"2016,16,0,1,497,136"
"2016,17,0,1,489,278"
"2016,18,0,1,999,998"
"2016,19,0,1,822,1159"
"2016,20,0,1,592,705"
"2016,21,0,1,512,477"
"2016,22,0,1,409,378"
"2016,23,0,1,368,317"
"2016,24,0,1,410,319"
"2016,25,0,1,423,373"
"2016,26,0,1,411,371"
"2016,27,0,1,415,366"
"2016,28,0,1,420,406"
"2016,29,0,1,418,376"
"2016,30,0,1,364,343"
"2016,31,0,1,336,329"
"2016,32,0,1,309,339"
"2016,33,0,1,314,276"
"2016,34,0,1,209,248"
"2016,35,0,1,215,231"
"2016,36,0,1,201,215"
"2016,37,0,1,144,169"
"2016,38,0,1,153,169"
"2016,39,0,1,139,152"
"2016,40,0,1,129,137"
"2016,41,0,1,87,121"
"2016,42,0,1,98,113"
"2016,43,0,1,90,99"
"2016,44,0,1,86,114"
"2016,45,0,1,73,100"
"2016,46,0,1,56,79"
"2016,47,0,1,74,104"
"2016,48,0,1,61,86"
"2016,49,0,1,67,77"
"2016,50,0,1,54,80"
"2016,51,0,1,64,106"
"2016,52,0,1,63,100"
"2016,53,0,1,61,94"
"2016,54,0,1,67,101"
"2016,55,0,1,99,102"
"2016,56,0,1,96,94"
"2016,57,0,1,88,108"
"2016,58,0,1,91,74"
"2016,59,0,1,68,100"
"2016,60,0,1,65,84"
"2016,61,0,1,78,95"
"2016,62,0,1,52,86"
"2016,63,0,1,72,85"
"2016,64,0,1,63,76"
"2016,65,0,1,56,55"
"2016,66,0,1,65,61"
"2016,67,0,1,64,70"
"2016,68,0,1,41,44"
"2016,69,0,1,43,39"
"2016,70,0,1,29,31"
"2016,71,0,1,16,19"
"2016,72,0,1,18,25"
"2016,73,0,1,13,16"
"2016,74,0,1,27,18"
"2016,75,0,1,35,26"
"2016,76,0,1,37,41"
"2016,77,0,1,41,39"
"2016,78,0,1,36,32"
"2016,79,0,1,36,36"
"2016,80,0,1,31,23"
"2016,81,0,1,35,25"
"2016,82,0,1,29,26"
"2016,83,0,1,24,23"
"2016,84,0,1,19,20"
"2016,85,0,1,18,17"
"2016,86,0,1,10,15"
"2016,87,0,1,12,8"
"2016,88,0,1,9,7"
"2016,89,0,1,10,7"
"2016,90,0,1,7,4"
"2016,91,0,1,7,7"
"2016,92,0,1,5,5"
"2016,93,0,1,4,4"
"2016,94,0,1,3,4"
"2016,95,0,1,3,2"
"2016,96,0,1,3,1"
"2016,97,0,1,1,2"
"2016,98,0,1,1,0"
"2016,99,0,1,0,0"
"2016,100,0,1,0,2"
"2016,0,0,0,136,167"
"2016,1,0,0,178,222"
"2016,2,0,0,179,234"
"2016,3,0,0,191,189"
"2016,4,0,0,182,206"
"2016,5,0,0,170,171"
"2016,6,0,0,178,248"
"2016,7,0,0,160,166"
"2016,8,0,0,140,141"
"2016,9,0,0,114,112"
"2016,10,0,0,93,97"
"2016,11,0,0,82,79"
"2016,12,0,0,96,86"
"2016,13,0,0,92,90"
"2016,14,0,0,79,79"
"2016,15,0,0,99,190"
"2016,16,0,0,171,509"
"2016,17,0,0,209,428"
"2016,18,0,0,544,681"
"2016,19,0,0,746,499"
"2016,20,0,0,461,368"
"2016,21,0,0,379,303"
"2016,22,0,0,274,301"
"2016,23,0,0,235,313"
"2016,24,0,0,300,407"
"2016,25,0,0,309,426"
"2016,26,0,0,302,443"
"2016,27,0,0,320,408"
"2016,28,0,0,350,440"
"2016,29,0,0,316,428"
"2016,30,0,0,277,373"
"2016,31,0,0,267,325"
"2016,32,0,0,295,330"
"2016,33,0,0,232,311"
"2016,34,0,0,202,213"
"2016,35,0,0,194,201"
"2016,36,0,0,145,162"
"2016,37,0,0,142,141"
"2016,38,0,0,155,148"
"2016,39,0,0,124,130"
"2016,40,0,0,119,108"
"2016,41,0,0,99,90"
"2016,42,0,0,81,85"
"2016,43,0,0,95,84"
"2016,44,0,0,77,77"
"2016,45,0,0,92,82"
"2016,46,0,0,73,50"
"2016,47,0,0,83,55"
"2016,48,0,0,71,64"
"2016,49,0,0,53,54"
"2016,50,0,0,76,57"
"2016,51,0,0,83,69"
"2016,52,0,0,83,64"
"2016,53,0,0,74,59"
"2016,54,0,0,83,72"
"2016,55,0,0,98,97"
"2016,56,0,0,88,90"
"2016,57,0,0,87,88"
"2016,58,0,0,62,75"
"2016,59,0,0,86,52"
"2016,60,0,0,78,69"
"2016,61,0,0,93,66"
"2016,62,0,0,70,52"
"2016,63,0,0,67,63"
"2016,64,0,0,73,55"
"2016,65,0,0,44,52"
"2016,66,0,0,48,55"
"2016,67,0,0,71,57"
"2016,68,0,0,36,32"
"2016,69,0,0,37,42"
"2016,70,0,0,24,25"
"2016,71,0,0,17,19"
"2016,72,0,0,13,14"
"2016,73,0,0,19,19"
"2016,100,0,0,2,1"
"2016,74,0,0,19,31"
"2016,75,0,0,17,26"
"2016,76,0,0,32,36"
"2016,77,0,0,31,36"
"2016,78,0,0,34,40"
"2016,79,0,0,33,29"
"2016,80,0,0,26,26"
"2016,81,0,0,25,29"
"2016,82,0,0,33,32"
"2016,83,0,0,24,26"
"2016,84,0,0,25,28"
"2016,85,0,0,17,20"
"2016,86,0,0,18,13"
"2016,87,0,0,15,19"
"2016,88,0,0,11,15"
"2016,89,0,0,11,12"
"2016,90,0,0,12,12"
"2016,91,0,0,6,7"
"2016,92,0,0,5,6"
"2016,93,0,0,6,4"
"2016,94,0,0,3,5"
"2016,95,0,0,1,2"
"2016,96,0,0,1,2"
"2016,97,0,0,2,1"
"2016,98,0,0,1,1"
"2016,99,0,0,0,0"
"2017,99,0,0,0,0"
"2017,98,0,0,1,1"
"2017,97,0,0,2,1"
"2017,96,0,0,1,2"
"2017,95,0,0,1,1"
"2017,94,0,0,2,4"
"2017,93,0,0,5,4"
"2017,92,0,0,4,5"
"2017,91,0,0,5,6"
"2017,90,0,0,10,10"
"2017,89,0,0,9,10"
"2017,88,0,0,9,13"
"2017,87,0,0,13,16"
"2017,86,0,0,15,11"
"2017,85,0,0,15,17"
"2017,84,0,0,22,23"
"2017,83,0,0,21,22"
"2017,82,0,0,28,27"
"2017,81,0,0,21,24"
"2017,80,0,0,22,22"
"2017,79,0,0,30,23"
"2017,78,0,0,35,40"
"2017,77,0,0,17,22"
"2017,76,0,0,20,28"
"2017,75,0,0,21,24"
"2017,74,0,0,7,11"
"2017,100,0,0,1,0"
"2017,73,0,0,8,10"
"2017,72,0,0,14,9"
"2017,71,0,0,24,16"
"2017,70,0,0,28,26"
"2017,69,0,0,31,33"
"2017,68,0,0,38,35"
"2017,67,0,0,47,55"
"2017,66,0,0,52,44"
"2017,65,0,0,76,52"
"2017,64,0,0,49,55"
"2017,63,0,0,72,63"
"2017,62,0,0,58,58"
"2017,61,0,0,66,64"
"2017,60,0,0,73,58"
"2017,59,0,0,79,64"
"2017,58,0,0,74,64"
"2017,57,0,0,91,89"
"2017,56,0,0,75,64"
"2017,55,0,0,82,76"
"2017,54,0,0,62,62"
"2017,53,0,0,67,68"
"2017,52,0,0,60,62"
"2017,51,0,0,61,54"
"2017,50,0,0,52,52"
"2017,49,0,0,51,52"
"2017,48,0,0,58,56"
"2017,47,0,0,47,58"
"2017,46,0,0,58,55"
"2017,45,0,0,56,71"
"2017,44,0,0,75,76"
"2017,43,0,0,95,77"
"2017,42,0,0,81,87"
"2017,41,0,0,103,99"
"2017,40,0,0,115,122"
"2017,39,0,0,117,141"
"2017,38,0,0,124,151"
"2017,37,0,0,134,163"
"2017,36,0,0,157,204"
"2017,35,0,0,160,214"
"2017,34,0,0,175,237"
"2017,33,0,0,225,275"
"2017,32,0,0,227,321"
"2017,31,0,0,212,325"
"2017,30,0,0,271,407"
"2017,29,0,0,287,424"
"2017,28,0,0,275,422"
"2017,27,0,0,300,420"
"2017,26,0,0,264,401"
"2017,25,0,0,242,377"
"2017,24,0,0,236,316"
"2017,23,0,0,269,264"
"2017,22,0,0,354,281"
"2017,21,0,0,443,263"
"2017,20,0,0,517,362"
"2017,19,0,0,764,496"
"2017,18,0,0,566,693"
"2017,17,0,0,191,472"
"2017,16,0,0,160,491"
"2017,15,0,0,96,214"
"2017,14,0,0,77,88"
"2017,13,0,0,80,101"
"2017,12,0,0,61,87"
"2017,11,0,0,73,80"
"2017,10,0,0,85,118"
"2017,9,0,0,108,126"
"2017,8,0,0,103,116"
"2017,7,0,0,153,172"
"2017,6,0,0,190,333"
"2017,5,0,0,148,194"
"2017,4,0,0,135,190"
"2017,3,0,0,168,192"
"2017,2,0,0,160,243"
"2017,1,0,0,144,205"
"2017,0,0,0,114,134"
"2017,100,0,1,0,2"
"2017,99,0,1,0,0"
"2017,98,0,1,1,0"
"2017,97,0,1,1,1"
"2017,96,0,1,2,1"
"2017,95,0,1,2,2"
"2017,94,0,1,2,3"
"2017,93,0,1,3,4"
"2017,92,0,1,4,4"
"2017,91,0,1,6,6"
"2017,90,0,1,6,3"
"2017,89,0,1,8,7"
"2017,88,0,1,8,6"
"2017,87,0,1,11,7"
"2017,86,0,1,9,13"
"2017,85,0,1,15,15"
"2017,84,0,1,16,18"
"2017,83,0,1,21,21"
"2017,82,0,1,25,23"
"2017,81,0,1,30,23"
"2017,80,0,1,27,21"
"2017,79,0,1,17,32"
"2017,78,0,1,42,44"
"2017,77,0,1,30,31"
"2017,76,0,1,24,27"
"2017,75,0,1,25,23"
"2017,74,0,1,13,12"
"2017,73,0,1,13,16"
"2017,72,0,1,10,20"
"2017,71,0,1,18,31"
"2017,70,0,1,32,50"
"2017,69,0,1,36,34"
"2017,68,0,1,48,52"
"2017,67,0,1,53,49"
"2017,66,0,1,56,75"
"2017,65,0,1,58,87"
"2017,64,0,1,51,75"
"2017,63,0,1,57,77"
"2017,62,0,1,62,76"
"2017,61,0,1,62,78"
"2017,60,0,1,70,90"
"2017,59,0,1,70,97"
"2017,58,0,1,61,88"
"2017,57,0,1,88,100"
"2017,56,0,1,66,94"
"2017,55,0,1,83,98"
"2017,54,0,1,75,93"
"2017,53,0,1,77,70"
"2017,52,0,1,73,88"
"2017,51,0,1,54,89"
"2017,50,0,1,53,65"
"2017,49,0,1,57,89"
"2017,48,0,1,60,78"
"2017,47,0,1,53,87"
"2017,46,0,1,70,80"
"2017,45,0,1,80,96"
"2017,44,0,1,74,94"
"2017,43,0,1,82,128"
"2017,42,0,1,106,124"
"2017,41,0,1,103,124"
"2017,40,0,1,110,146"
"2017,39,0,1,128,148"
"2017,38,0,1,163,171"
"2017,37,0,1,187,187"
"2017,36,0,1,201,214"
"2017,35,0,1,224,207"
"2017,34,0,1,266,246"
"2017,33,0,1,286,302"
"2017,32,0,1,312,284"
"2017,31,0,1,332,271"
"2017,30,0,1,398,325"
"2017,29,0,1,385,363"
"2017,28,0,1,388,335"
"2017,27,0,1,379,351"
"2017,26,0,1,352,342"
"2017,25,0,1,372,316"
"2017,24,0,1,329,292"
"2017,23,0,1,326,383"
"2017,22,0,1,445,511"
"2017,21,0,1,486,596"
"2017,20,0,1,595,760"
"2017,19,0,1,824,1185"
"2017,18,0,1,985,1021"
"2017,17,0,1,535,283"
"2017,16,0,1,541,173"
"2017,15,0,1,193,87"
"2017,14,0,1,64,69"
"2017,13,0,1,69,72"
"2017,12,0,1,83,77"
"2017,11,0,1,70,86"
"2017,10,0,1,75,94"
"2017,9,0,1,95,90"
"2017,8,0,1,100,117"
"2017,7,0,1,161,167"
"2017,6,0,1,251,152"
"2017,5,0,1,141,127"
"2017,4,0,1,144,125"
"2017,3,0,1,154,151"
"2017,2,0,1,185,121"
"2017,1,0,1,157,105"
"2017,0,0,1,93,80"
"2017,100,1,0,0,0"
"2017,99,1,0,0,0"
"2017,98,1,0,0,0"
"2017,97,1,0,0,0"
"2017,96,1,0,0,0"
"2017,95,1,0,0,0"
"2017,94,1,0,0,0"
"2017,93,1,0,1,0"
"2017,92,1,0,0,1"
"2017,91,1,0,1,1"
"2017,90,1,0,1,2"
"2017,89,1,0,2,1"
"2017,88,1,0,1,1"
"2017,87,1,0,3,2"
"2017,86,1,0,5,3"
"2017,85,1,0,2,6"
"2017,84,1,0,5,8"
"2017,83,1,0,6,8"
"2017,82,1,0,6,8"
"2017,81,1,0,7,6"
"2017,80,1,0,11,11"
"2017,79,1,0,5,10"
"2017,78,1,0,12,9"
"2017,77,1,0,18,24"
"2017,76,1,0,9,9"
"2017,75,1,0,10,12"
"2017,74,1,0,10,8"
"2017,73,1,0,5,7"
"2017,72,1,0,19,10"
"2017,71,1,0,18,9"
"2017,70,1,0,22,23"
"2017,69,1,0,29,23"
"2017,68,1,0,31,27"
"2017,67,1,0,32,34"
"2017,66,1,0,46,34"
"2017,65,1,0,42,44"
"2017,64,1,0,43,29"
"2017,63,1,0,57,41"
"2017,62,1,0,57,43"
"2017,61,1,0,65,61"
"2017,60,1,0,83,66"
"2017,59,1,0,66,65"
"2017,58,1,0,85,56"
"2017,57,1,0,87,55"
"2017,56,1,0,83,45"
"2017,55,1,0,71,58"
"2017,54,1,0,61,54"
"2017,53,1,0,58,56"
"2017,52,1,0,70,62"
"2017,51,1,0,63,62"
"2017,50,1,0,69,51"
"2017,49,1,0,49,49"
"2017,48,1,0,64,52"
"2017,47,1,0,83,57"
"2017,46,1,0,69,55"
"2017,45,1,0,69,60"
"2017,44,1,0,95,82"
"2017,43,1,0,93,98"
"2017,42,1,0,103,66"
"2017,41,1,0,110,92"
"2017,40,1,0,130,108"
"2017,39,1,0,104,95"
"2017,38,1,0,121,115"
"2017,37,1,0,133,130"
"2017,36,1,0,144,150"
"2017,35,1,0,152,183"
"2017,34,1,0,169,194"
"2017,33,1,0,215,238"
"2017,32,1,0,195,233"
"2017,31,1,0,200,272"
"2017,30,1,0,205,255"
"2017,29,1,0,186,269"
"2017,28,1,0,193,250"
"2017,27,1,0,191,282"
"2017,26,1,0,193,221"
"2017,25,1,0,154,185"
"2017,24,1,0,139,150"
"2017,23,1,0,157,164"
"2017,22,1,0,204,155"
"2017,21,1,0,249,157"
"2017,20,1,0,279,209"
"2017,19,1,0,513,296"
"2017,18,1,0,529,510"
"2017,17,1,0,194,386"
"2017,16,1,0,155,505"
"2017,15,1,0,93,189"
"2017,14,1,0,98,94"
"2017,13,1,0,76,94"
"2017,12,1,0,82,94"
"2017,11,1,0,85,87"
"2017,10,1,0,100,100"
"2017,9,1,0,118,124"
"2017,8,1,0,152,161"
"2017,7,1,0,159,198"
"2017,6,1,0,192,306"
"2017,5,1,0,155,180"
"2017,4,1,0,154,222"
"2017,3,1,0,186,228"
"2017,2,1,0,158,246"
"2017,1,1,0,149,225"
"2017,0,1,0,100,150"
"2017,99,1,1,0,0"
"2017,98,1,1,0,0"
"2017,97,1,1,0,0"
"2017,96,1,1,0,1"
"2017,100,1,1,0,0"
"2017,95,1,1,0,0"
"2017,94,1,1,0,0"
"2017,93,1,1,0,0"
"2017,92,1,1,0,1"
"2017,91,1,1,1,2"
"2017,90,1,1,1,1"
"2017,89,1,1,1,1"
"2017,88,1,1,2,2"
"2017,87,1,1,1,1"
"2017,86,1,1,4,4"
"2017,85,1,1,2,3"
"2017,84,1,1,6,5"
"2017,83,1,1,9,7"
"2017,82,1,1,5,9"
"2017,81,1,1,5,7"
"2017,80,1,1,7,8"
"2017,79,1,1,17,14"
"2017,78,1,1,10,19"
"2017,77,1,1,22,20"
"2017,76,1,1,11,9"
"2017,75,1,1,17,12"
"2017,74,1,1,6,8"
"2017,73,1,1,8,6"
"2017,72,1,1,6,17"
"2017,71,1,1,15,19"
"2017,70,1,1,21,21"
"2017,69,1,1,17,23"
"2017,68,1,1,35,37"
"2017,67,1,1,36,35"
"2017,66,1,1,35,58"
"2017,65,1,1,41,39"
"2017,64,1,1,43,50"
"2017,63,1,1,48,65"
"2017,62,1,1,40,69"
"2017,61,1,1,55,67"
"2017,60,1,1,52,75"
"2017,59,1,1,60,68"
"2017,58,1,1,60,80"
"2017,57,1,1,57,82"
"2017,56,1,1,47,91"
"2017,55,1,1,57,75"
"2017,54,1,1,66,87"
"2017,53,1,1,65,80"
"2017,52,1,1,58,78"
"2017,51,1,1,56,86"
"2017,50,1,1,44,85"
"2017,49,1,1,58,70"
"2017,48,1,1,60,80"
"2017,47,1,1,62,94"
"2017,46,1,1,69,97"
"2017,45,1,1,79,106"
"2017,44,1,1,101,137"
"2017,43,1,1,110,113"
"2017,42,1,1,92,134"
"2017,41,1,1,116,125"
"2017,40,1,1,121,159"
"2017,39,1,1,103,141"
"2017,38,1,1,134,180"
"2017,37,1,1,148,163"
"2017,36,1,1,161,167"
"2017,35,1,1,188,201"
"2017,34,1,1,203,196"
"2017,33,1,1,239,246"
"2017,32,1,1,262,243"
"2017,31,1,1,236,249"
"2017,30,1,1,258,292"
"2017,29,1,1,288,244"
"2017,28,1,1,237,266"
"2017,27,1,1,255,228"
"2017,26,1,1,250,234"
"2017,25,1,1,214,210"
"2017,24,1,1,184,207"
"2017,23,1,1,236,269"
"2017,22,1,1,298,359"
"2017,21,1,1,352,361"
"2017,20,1,1,362,441"
"2017,19,1,1,495,744"
"2017,18,1,1,640,839"
"2017,17,1,1,446,227"
"2017,16,1,1,529,178"
"2017,15,1,1,170,85"
"2017,14,1,1,71,82"
"2017,13,1,1,84,75"
"2017,12,1,1,84,78"
"2017,11,1,1,79,96"
"2017,10,1,1,83,85"
"2017,9,1,1,99,107"
"2017,8,1,1,128,140"
"2017,7,1,1,174,158"
"2017,6,1,1,260,166"
"2017,5,1,1,159,136"
"2017,4,1,1,160,133"
"2017,3,1,1,166,155"
"2017,2,1,1,190,141"
"2017,1,1,1,171,114"
"2017,0,1,1,119,69"
"2018,0,1,1,91,64"
"2018,1,1,1,131,126"
"2018,2,1,1,170,157"
"2018,3,1,1,169,174"
"2018,4,1,1,166,146"
"2018,5,1,1,187,153"
"2018,6,1,1,277,166"
"2018,7,1,1,189,145"
"2018,8,1,1,124,161"
"2018,9,1,1,114,112"
"2018,10,1,1,103,100"
"2018,11,1,1,111,79"
"2018,12,1,1,90,88"
"2018,13,1,1,75,89"
"2018,14,1,1,88,81"
"2018,15,1,1,202,126"
"2018,16,1,1,582,276"
"2018,17,1,1,481,372"
"2018,18,1,1,658,827"
"2018,19,1,1,519,793"
"2018,20,1,1,406,503"
"2018,21,1,1,409,386"
"2018,22,1,1,329,334"
"2018,23,1,1,293,279"
"2018,24,1,1,199,217"
"2018,25,1,1,194,187"
"2018,26,1,1,243,214"
"2018,27,1,1,231,232"
"2018,28,1,1,250,242"
"2018,29,1,1,233,261"
"2018,30,1,1,239,238"
"2018,31,1,1,277,260"
"2018,32,1,1,208,237"
"2018,33,1,1,190,219"
"2018,34,1,1,203,229"
"2018,35,1,1,179,195"
"2018,36,1,1,168,175"
"2018,37,1,1,127,168"
"2018,38,1,1,146,159"
"2018,39,1,1,138,150"
"2018,40,1,1,118,137"
"2018,41,1,1,111,128"
"2018,42,1,1,95,137"
"2018,43,1,1,86,102"
"2018,44,1,1,78,127"
"2018,45,1,1,81,112"
"2018,46,1,1,66,97"
"2018,47,1,1,60,80"
"2018,48,1,1,54,103"
"2018,49,1,1,63,81"
"2018,50,1,1,54,89"
"2018,51,1,1,50,73"
"2018,52,1,1,46,84"
"2018,53,1,1,61,76"
"2018,54,1,1,62,76"
"2018,55,1,1,60,94"
"2018,56,1,1,53,86"
"2018,57,1,1,55,78"
"2018,58,1,1,52,83"
"2018,59,1,1,56,78"
"2018,60,1,1,52,69"
"2018,61,1,1,50,68"
"2018,62,1,1,48,59"
"2018,63,1,1,44,56"
"2018,64,1,1,36,45"
"2018,65,1,1,38,46"
"2018,66,1,1,37,45"
"2018,67,1,1,35,40"
"2018,68,1,1,25,27"
"2018,69,1,1,27,39"
"2018,70,1,1,24,17"
"2018,71,1,1,20,26"
"2018,72,1,1,15,18"
"2018,73,1,1,8,8"
"2018,74,1,1,6,6"
"2018,75,1,1,6,8"
"2018,76,1,1,19,11"
"2018,77,1,1,10,6"
"2018,78,1,1,17,9"
"2018,79,1,1,12,14"
"2018,80,1,1,11,9"
"2018,81,1,1,7,8"
"2018,82,1,1,8,10"
"2018,83,1,1,15,8"
"2018,84,1,1,9,6"
"2018,85,1,1,3,2"
"2018,86,1,1,6,5"
"2018,87,1,1,1,2"
"2018,88,1,1,3,2"
"2018,89,1,1,1,1"
"2018,90,1,1,2,2"
"2018,91,1,1,2,2"
"2018,92,1,1,0,1"
"2018,93,1,1,0,1"
"2018,94,1,1,1,0"
"2018,95,1,1,1,0"
"2018,100,1,1,0,0"
"2018,96,1,1,0,0"
"2018,97,1,1,0,0"
"2018,98,1,1,0,0"
"2018,99,1,1,0,0"
"2018,0,1,0,89,123"
"2018,1,1,0,144,181"
"2018,2,1,0,180,236"
"2018,3,1,0,190,235"
"2018,4,1,0,155,218"
"2018,5,1,0,149,195"
"2018,6,1,0,188,331"
"2018,7,1,0,165,218"
"2018,8,1,0,139,157"
"2018,9,1,0,126,155"
"2018,10,1,0,114,146"
"2018,11,1,0,74,107"
"2018,12,1,0,94,109"
"2018,13,1,0,74,91"
"2018,14,1,0,81,99"
"2018,15,1,0,116,238"
"2018,16,1,0,199,533"
"2018,17,1,0,291,447"
"2018,18,1,0,483,469"
"2018,19,1,0,563,296"
"2018,20,1,0,314,222"
"2018,21,1,0,258,171"
"2018,22,1,0,204,144"
"2018,23,1,0,181,176"
"2018,24,1,0,121,135"
"2018,25,1,0,136,153"
"2018,26,1,0,141,212"
"2018,27,1,0,171,218"
"2018,28,1,0,176,219"
"2018,29,1,0,206,247"
"2018,30,1,0,188,233"
"2018,31,1,0,208,268"
"2018,32,1,0,182,211"
"2018,33,1,0,148,196"
"2018,34,1,0,158,186"
"2018,35,1,0,156,186"
"2018,36,1,0,139,158"
"2018,37,1,0,142,129"
"2018,38,1,0,119,119"
"2018,39,1,0,96,95"
"2018,40,1,0,96,98"
"2018,41,1,0,103,107"
"2018,42,1,0,110,96"
"2018,43,1,0,93,85"
"2018,44,1,0,88,66"
"2018,45,1,0,81,77"
"2018,46,1,0,73,59"
"2018,47,1,0,68,46"
"2018,48,1,0,74,57"
"2018,49,1,0,63,47"
"2018,50,1,0,59,46"
"2018,51,1,0,59,48"
"2018,52,1,0,59,36"
"2018,53,1,0,65,44"
"2018,54,1,0,54,48"
"2018,55,1,0,67,44"
"2018,56,1,0,68,55"
"2018,57,1,0,66,58"
"2018,58,1,0,80,60"
"2018,59,1,0,79,63"
"2018,60,1,0,74,65"
"2018,61,1,0,69,49"
"2018,62,1,0,57,46"
"2018,63,1,0,59,50"
"2018,64,1,0,40,42"
"2018,65,1,0,39,32"
"2018,66,1,0,38,36"
"2018,67,1,0,43,39"
"2018,68,1,0,33,28"
"2018,69,1,0,36,33"
"2018,70,1,0,16,23"
"2018,71,1,0,29,23"
"2018,72,1,0,8,11"
"2018,73,1,0,4,10"
"2018,74,1,0,3,4"
"2018,75,1,0,7,9"
"2018,76,1,0,10,11"
"2018,77,1,0,7,10"
"2018,78,1,0,12,23"
"2018,79,1,0,5,11"
"2018,80,1,0,9,12"
"2018,81,1,0,6,7"
"2018,82,1,0,6,8"
"2018,83,1,0,5,8"
"2018,84,1,0,4,8"
"2018,85,1,0,2,6"
"2018,86,1,0,5,3"
"2018,87,1,0,3,2"
"2018,88,1,0,1,1"
"2018,89,1,0,2,1"
"2018,90,1,0,1,2"
"2018,91,1,0,1,1"
"2018,92,1,0,0,1"
"2018,93,1,0,0,0"
"2018,94,1,0,0,0"
"2018,95,1,0,0,0"
"2018,96,1,0,0,0"
"2018,97,1,0,0,0"
"2018,98,1,0,0,0"
"2018,99,1,0,0,0"
"2018,100,1,0,0,0"
"2018,0,0,1,77,72"
"2018,1,0,1,113,104"
"2018,2,0,1,164,139"
"2018,3,0,1,141,134"
"2018,4,0,1,160,149"
"2018,5,0,1,147,116"
"2018,6,0,1,296,185"
"2018,7,0,1,157,163"
"2018,8,0,1,146,122"
"2018,9,0,1,125,117"
"2018,10,0,1,89,94"
"2018,11,0,1,106,98"
"2018,12,0,1,67,65"
"2018,13,0,1,80,75"
"2018,14,0,1,74,79"
"2018,15,0,1,250,103"
"2018,16,0,1,595,235"
"2018,17,0,1,507,257"
"2018,18,0,1,1041,1003"
"2018,19,0,1,763,1099"
"2018,20,0,1,613,857"
"2018,21,0,1,494,561"
"2018,22,0,1,399,473"
"2018,23,0,1,330,328"
"2018,24,0,1,311,256"
"2018,25,0,1,287,258"
"2018,26,0,1,375,278"
"2018,27,0,1,341,293"
"2018,28,0,1,359,315"
"2018,29,0,1,365,340"
"2018,30,0,1,334,345"
"2018,31,0,1,342,305"
"2018,32,0,1,295,306"
"2018,33,0,1,284,298"
"2018,34,0,1,272,275"
"2018,35,0,1,262,260"
"2018,36,0,1,210,202"
"2018,37,0,1,167,173"
"2018,38,0,1,173,164"
"2018,39,0,1,152,189"
"2018,40,0,1,124,137"
"2018,41,0,1,108,134"
"2018,42,0,1,95,136"
"2018,43,0,1,104,133"
"2018,44,0,1,90,119"
"2018,45,0,1,62,114"
"2018,46,0,1,79,87"
"2018,47,0,1,52,82"
"2018,48,0,1,65,76"
"2018,49,0,1,51,101"
"2018,50,0,1,63,74"
"2018,51,0,1,60,83"
"2018,52,0,1,61,83"
"2018,53,0,1,68,93"
"2018,54,0,1,71,76"
"2018,55,0,1,78,101"
"2018,56,0,1,78,97"
"2018,57,0,1,68,98"
"2018,58,0,1,73,93"
"2018,59,0,1,66,120"
"2018,60,0,1,63,90"
"2018,61,0,1,55,86"
"2018,62,0,1,68,75"
"2018,63,0,1,69,97"
"2018,64,0,1,60,73"
"2018,65,0,1,51,78"
"2018,66,0,1,69,88"
"2018,67,0,1,55,65"
"2018,68,0,1,60,56"
"2018,69,0,1,36,48"
"2018,70,0,1,29,47"
"2018,71,0,1,37,43"
"2018,72,0,1,13,23"
"2018,73,0,1,12,12"
"2018,74,0,1,11,19"
"2018,75,0,1,14,14"
"2018,76,0,1,19,22"
"2018,77,0,1,28,34"
"2018,78,0,1,31,35"
"2018,79,0,1,33,39"
"2018,80,0,1,29,25"
"2018,81,0,1,32,27"
"2018,82,0,1,26,27"
"2018,83,0,1,22,25"
"2018,84,0,1,17,21"
"2018,85,0,1,16,18"
"2018,86,0,1,9,16"
"2018,87,0,1,11,8"
"2018,88,0,1,9,7"
"2018,89,0,1,9,8"
"2018,90,0,1,7,4"
"2018,91,0,1,6,8"
"2018,92,0,1,4,5"
"2018,93,0,1,3,4"
"2018,94,0,1,3,4"
"2018,95,0,1,3,2"
"2018,96,0,1,3,1"
"2018,97,0,1,1,2"
"2018,98,0,1,1,0"
"2018,99,0,1,0,0"
"2018,100,0,1,0,2"
"2018,0,0,0,92,125"
"2018,1,0,0,141,174"
"2018,2,0,0,144,201"
"2018,3,0,0,142,183"
"2018,4,0,0,152,178"
"2018,5,0,0,131,197"
"2018,6,0,0,171,329"
"2018,7,0,0,166,181"
"2018,8,0,0,113,141"
"2018,9,0,0,111,136"
"2018,10,0,0,99,121"
"2018,11,0,0,92,114"
"2018,12,0,0,72,88"
"2018,13,0,0,70,87"
"2018,14,0,0,86,101"
"2018,15,0,0,117,255"
"2018,16,0,0,172,516"
"2018,17,0,0,172,454"
"2018,18,0,0,547,748"
"2018,19,0,0,806,498"
"2018,20,0,0,562,370"
"2018,21,0,0,460,232"
"2018,22,0,0,319,253"
"2018,23,0,0,230,276"
"2018,24,0,0,190,312"
"2018,25,0,0,194,308"
"2018,26,0,0,225,402"
"2018,27,0,0,239,373"
"2018,28,0,0,251,424"
"2018,29,0,0,254,390"
"2018,30,0,0,252,352"
"2018,31,0,0,267,368"
"2018,32,0,0,226,314"
"2018,33,0,0,216,286"
"2018,34,0,0,200,254"
"2018,35,0,0,185,246"
"2018,36,0,0,152,212"
"2018,37,0,0,133,184"
"2018,38,0,0,122,162"
"2018,39,0,0,117,118"
"2018,40,0,0,95,127"
"2018,41,0,0,95,120"
"2018,42,0,0,98,100"
"2018,43,0,0,84,101"
"2018,44,0,0,75,81"
"2018,45,0,0,90,75"
"2018,46,0,0,57,61"
"2018,47,0,0,51,53"
"2018,48,0,0,58,57"
"2018,49,0,0,62,53"
"2018,50,0,0,62,57"
"2018,51,0,0,61,48"
"2018,52,0,0,56,47"
"2018,53,0,0,68,65"
"2018,54,0,0,55,63"
"2018,55,0,0,80,74"
"2018,56,0,0,68,57"
"2018,57,0,0,67,65"
"2018,58,0,0,70,68"
"2018,59,0,0,78,63"
"2018,60,0,0,74,59"
"2018,61,0,0,62,60"
"2018,62,0,0,47,60"
"2018,63,0,0,61,58"
"2018,64,0,0,52,58"
"2018,65,0,0,65,65"
"2018,66,0,0,48,51"
"2018,67,0,0,44,41"
"2018,68,0,0,49,50"
"2018,69,0,0,42,38"
"2018,70,0,0,29,25"
"2018,71,0,0,32,35"
"2018,72,0,0,16,12"
"2018,73,0,0,7,10"
"2018,100,0,0,1,1"
"2018,74,0,0,9,5"
"2018,75,0,0,12,15"
"2018,76,0,0,20,20"
"2018,77,0,0,22,17"
"2018,78,0,0,21,23"
"2018,79,0,0,32,35"
"2018,80,0,0,19,24"
"2018,81,0,0,18,26"
"2018,82,0,0,24,29"
"2018,83,0,0,17,24"
"2018,84,0,0,18,25"
"2018,85,0,0,12,18"
"2018,86,0,0,13,12"
"2018,87,0,0,11,17"
"2018,88,0,0,8,14"
"2018,89,0,0,8,11"
"2018,90,0,0,9,11"
"2018,91,0,0,4,6"
"2018,92,0,0,3,6"
"2018,93,0,0,5,4"
"2018,94,0,0,2,4"
"2018,95,0,0,1,2"
"2018,96,0,0,1,2"
"2018,97,0,0,1,1"
"2018,98,0,0,1,1"
"2018,99,0,0,0,0"
"2019,99,0,0,0,0"
"2019,98,0,0,1,1"
"2019,97,0,0,1,1"
"2019,96,0,0,0,1"
"2019,95,0,0,0,0"
"2019,94,0,0,2,2"
"2019,93,0,0,3,2"
"2019,92,0,0,1,5"
"2019,91,0,0,3,5"
"2019,90,0,0,8,7"
"2019,89,0,0,11,5"
"2019,88,0,0,4,5"
"2019,87,0,0,13,18"
"2019,86,0,0,17,15"
"2019,85,0,0,10,11"
"2019,84,0,0,17,18"
"2019,83,0,0,16,16"
"2019,82,0,0,18,19"
"2019,81,0,0,18,17"
"2019,80,0,0,23,20"
"2019,79,0,0,23,17"
"2019,78,0,0,15,10"
"2019,77,0,0,24,16"
"2019,76,0,0,9,6"
"2019,75,0,0,9,7"
"2019,74,0,0,5,2"
"2019,100,0,0,1,0"
"2019,73,0,0,19,12"
"2019,72,0,0,32,17"
"2019,71,0,0,13,17"
"2019,70,0,0,39,21"
"2019,69,0,0,35,30"
"2019,68,0,0,42,28"
"2019,67,0,0,52,35"
"2019,66,0,0,51,37"
"2019,65,0,0,60,35"
"2019,64,0,0,60,36"
"2019,63,0,0,64,55"
"2019,62,0,0,53,41"
"2019,61,0,0,62,42"
"2019,60,0,0,57,42"
"2019,59,0,0,74,54"
"2019,58,0,0,62,44"
"2019,57,0,0,65,58"
"2019,56,0,0,74,60"
"2019,55,0,0,53,51"
"2019,54,0,0,55,54"
"2019,53,0,0,60,58"
"2019,52,0,0,48,46"
"2019,51,0,0,56,49"
"2019,50,0,0,47,37"
"2019,49,0,0,51,49"
"2019,48,0,0,56,58"
"2019,47,0,0,66,62"
"2019,46,0,0,64,54"
"2019,45,0,0,77,76"
"2019,44,0,0,80,47"
"2019,43,0,0,90,94"
"2019,42,0,0,88,108"
"2019,41,0,0,100,103"
"2019,40,0,0,93,101"
"2019,39,0,0,118,136"
"2019,38,0,0,103,145"
"2019,37,0,0,117,168"
"2019,36,0,0,130,162"
"2019,35,0,0,171,196"
"2019,34,0,0,182,228"
"2019,33,0,0,183,239"
"2019,32,0,0,228,311"
"2019,31,0,0,211,300"
"2019,30,0,0,205,323"
"2019,29,0,0,203,285"
"2019,28,0,0,213,284"
"2019,27,0,0,169,294"
"2019,26,0,0,153,265"
"2019,25,0,0,150,250"
"2019,24,0,0,175,250"
"2019,23,0,0,156,194"
"2019,22,0,0,231,220"
"2019,21,0,0,342,202"
"2019,20,0,0,300,248"
"2019,19,0,0,446,323"
"2019,18,0,0,335,567"
"2019,17,0,0,169,419"
"2019,16,0,0,178,533"
"2019,15,0,0,100,204"
"2019,14,0,0,51,69"
"2019,13,0,0,55,70"
"2019,12,0,0,80,82"
"2019,11,0,0,83,99"
"2019,10,0,0,83,103"
"2019,9,0,0,90,110"
"2019,8,0,0,102,131"
"2019,7,0,0,181,185"
"2019,6,0,0,183,275"
"2019,5,0,0,111,165"
"2019,4,0,0,114,151"
"2019,3,0,0,157,183"
"2019,2,0,0,123,182"
"2019,1,0,0,93,142"
"2019,0,0,0,70,85"
"2019,100,0,1,0,1"
"2019,99,0,1,0,0"
"2019,98,0,1,1,0"
"2019,97,0,1,0,1"
"2019,96,0,1,1,0"
"2019,95,0,1,3,1"
"2019,94,0,1,1,3"
"2019,93,0,1,2,3"
"2019,92,0,1,4,6"
"2019,91,0,1,6,9"
"2019,90,0,1,4,7"
"2019,89,0,1,5,8"
"2019,88,0,1,7,4"
"2019,87,0,1,7,4"
"2019,86,0,1,8,17"
"2019,85,0,1,12,12"
"2019,84,0,1,15,18"
"2019,83,0,1,15,12"
"2019,82,0,1,23,21"
"2019,81,0,1,16,22"
"2019,80,0,1,23,26"
"2019,79,0,1,21,25"
"2019,78,0,1,17,14"
"2019,77,0,1,17,21"
"2019,76,0,1,5,14"
"2019,75,0,1,6,10"
"2019,74,0,1,15,13"
"2019,73,0,1,9,16"
"2019,72,0,1,15,33"
"2019,71,0,1,22,25"
"2019,70,0,1,30,52"
"2019,69,0,1,29,47"
"2019,68,0,1,30,55"
"2019,67,0,1,43,61"
"2019,66,0,1,42,61"
"2019,65,0,1,34,62"
"2019,64,0,1,28,78"
"2019,63,0,1,48,69"
"2019,62,0,1,44,86"
"2019,61,0,1,56,85"
"2019,60,0,1,49,79"
"2019,59,0,1,54,83"
"2019,58,0,1,46,81"
"2019,57,0,1,53,87"
"2019,56,0,1,56,83"
"2019,55,0,1,60,73"
"2019,54,0,1,53,65"
"2019,53,0,1,54,69"
"2019,52,0,1,41,57"
"2019,51,0,1,38,68"
"2019,50,0,1,44,69"
"2019,49,0,1,51,66"
"2019,48,0,1,61,63"
"2019,47,0,1,69,87"
"2019,46,0,1,64,83"
"2019,45,0,1,71,94"
"2019,44,0,1,72,105"
"2019,43,0,1,98,106"
"2019,42,0,1,104,103"
"2019,41,0,1,103,118"
"2019,40,0,1,116,118"
"2019,39,0,1,135,157"
"2019,38,0,1,140,133"
"2019,37,0,1,142,163"
"2019,36,0,1,159,190"
"2019,35,0,1,166,208"
"2019,34,0,1,209,210"
"2019,33,0,1,243,242"
"2019,32,0,1,264,220"
"2019,31,0,1,287,229"
"2019,30,0,1,274,242"
"2019,29,0,1,262,258"
"2019,28,0,1,264,276"
"2019,27,0,1,252,207"
"2019,26,0,1,244,191"
"2019,25,0,1,205,189"
"2019,24,0,1,253,245"
"2019,23,0,1,273,263"
"2019,22,0,1,324,324"
"2019,21,0,1,507,496"
"2019,20,0,1,483,550"
"2019,19,0,1,673,886"
"2019,18,0,1,784,780"
"2019,17,0,1,486,278"
"2019,16,0,1,603,270"
"2019,15,0,1,205,125"
"2019,14,0,1,59,69"
"2019,13,0,1,58,64"
"2019,12,0,1,64,62"
"2019,11,0,1,79,84"
"2019,10,0,1,82,80"
"2019,9,0,1,83,77"
"2019,8,0,1,114,112"
"2019,7,0,1,141,156"
"2019,6,0,1,205,129"
"2019,5,0,1,127,109"
"2019,4,0,1,143,112"
"2019,3,0,1,140,126"
"2019,2,0,1,163,106"
"2019,1,0,1,111,85"
"2019,0,0,1,62,54"
"2019,100,1,0,0,0"
"2019,99,1,0,0,0"
"2019,98,1,0,0,0"
"2019,97,1,0,0,0"
"2019,96,1,0,0,0"
"2019,95,1,0,0,0"
"2019,94,1,0,0,0"
"2019,93,1,0,0,0"
"2019,92,1,0,0,1"
"2019,91,1,0,1,0"
"2019,90,1,0,0,0"
"2019,89,1,0,1,0"
"2019,88,1,0,1,0"
"2019,87,1,0,3,1"
"2019,86,1,0,4,1"
"2019,85,1,0,3,5"
"2019,84,1,0,1,1"
"2019,83,1,0,2,1"
"2019,82,1,0,7,3"
"2019,81,1,0,4,2"
"2019,80,1,0,10,5"
"2019,79,1,0,9,5"
"2019,78,1,0,5,6"
"2019,77,1,0,11,9"
"2019,76,1,0,4,2"
"2019,75,1,0,0,1"
"2019,74,1,0,7,5"
"2019,73,1,0,4,5"
"2019,72,1,0,15,10"
"2019,71,1,0,18,4"
"2019,70,1,0,27,10"
"2019,69,1,0,29,6"
"2019,68,1,0,34,18"
"2019,67,1,0,44,16"
"2019,66,1,0,37,24"
"2019,65,1,0,33,21"
"2019,64,1,0,50,29"
"2019,63,1,0,39,27"
"2019,62,1,0,54,34"
"2019,61,1,0,80,28"
"2019,60,1,0,56,48"
"2019,59,1,0,52,45"
"2019,58,1,0,56,45"
"2019,57,1,0,66,41"
"2019,56,1,0,52,39"
"2019,55,1,0,58,51"
"2019,54,1,0,48,37"
"2019,53,1,0,49,24"
"2019,52,1,0,53,41"
"2019,51,1,0,50,47"
"2019,50,1,0,45,37"
"2019,49,1,0,61,51"
"2019,48,1,0,60,49"
"2019,47,1,0,70,55"
"2019,46,1,0,56,55"
"2019,45,1,0,75,45"
"2019,44,1,0,84,67"
"2019,43,1,0,86,79"
"2019,42,1,0,88,95"
"2019,41,1,0,98,102"
"2019,40,1,0,113,124"
"2019,39,1,0,125,128"
"2019,38,1,0,107,107"
"2019,37,1,0,132,130"
"2019,36,1,0,122,148"
"2019,35,1,0,140,155"
"2019,34,1,0,144,161"
"2019,33,1,0,158,195"
"2019,32,1,0,170,200"
"2019,31,1,0,163,196"
"2019,30,1,0,175,218"
"2019,29,1,0,146,216"
"2019,28,1,0,128,203"
"2019,27,1,0,126,174"
"2019,26,1,0,98,134"
"2019,25,1,0,104,114"
"2019,24,1,0,111,150"
"2019,23,1,0,137,118"
"2019,22,1,0,146,133"
"2019,21,1,0,217,129"
"2019,20,1,0,186,148"
"2019,19,1,0,278,195"
"2019,18,1,0,306,447"
"2019,17,1,0,193,420"
"2019,16,1,0,237,572"
"2019,15,1,0,109,234"
"2019,14,1,0,71,81"
"2019,13,1,0,56,78"
"2019,12,1,0,73,88"
"2019,11,1,0,82,99"
"2019,10,1,0,100,119"
"2019,9,1,0,98,118"
"2019,8,1,0,135,118"
"2019,7,1,0,156,165"
"2019,6,1,0,168,246"
"2019,5,1,0,135,185"
"2019,4,1,0,116,166"
"2019,3,1,0,145,190"
"2019,2,1,0,131,181"
"2019,1,1,0,107,144"
"2019,0,1,0,78,111"
"2019,99,1,1,0,0"
"2019,98,1,1,0,0"
"2019,97,1,1,0,0"
"2019,96,1,1,0,0"
"2019,100,1,1,0,0"
"2019,95,1,1,0,0"
"2019,94,1,1,0,0"
"2019,93,1,1,0,0"
"2019,92,1,1,0,2"
"2019,91,1,1,1,3"
"2019,90,1,1,0,2"
"2019,89,1,1,0,0"
"2019,88,1,1,2,2"
"2019,87,1,1,0,1"
"2019,86,1,1,4,6"
"2019,85,1,1,2,2"
"2019,84,1,1,2,4"
"2019,83,1,1,9,7"
"2019,82,1,1,2,8"
"2019,81,1,1,5,9"
"2019,80,1,1,3,10"
"2019,79,1,1,5,9"
"2019,78,1,1,9,10"
"2019,77,1,1,11,10"
"2019,76,1,1,3,7"
"2019,75,1,1,2,6"
"2019,74,1,1,2,5"
"2019,73,1,1,8,12"
"2019,72,1,1,8,17"
"2019,71,1,1,5,21"
"2019,70,1,1,17,34"
"2019,69,1,1,11,30"
"2019,68,1,1,26,42"
"2019,67,1,1,13,48"
"2019,66,1,1,27,38"
"2019,65,1,1,16,33"
"2019,64,1,1,23,42"
"2019,63,1,1,26,41"
"2019,62,1,1,22,62"
"2019,61,1,1,31,74"
"2019,60,1,1,41,61"
"2019,59,1,1,44,53"
"2019,58,1,1,45,58"
"2019,57,1,1,56,59"
"2019,56,1,1,49,72"
"2019,55,1,1,42,56"
"2019,54,1,1,52,67"
"2019,53,1,1,41,54"
"2019,52,1,1,39,56"
"2019,51,1,1,41,53"
"2019,50,1,1,46,50"
"2019,49,1,1,63,87"
"2019,48,1,1,73,70"
"2019,47,1,1,66,77"
"2019,46,1,1,61,83"
"2019,45,1,1,65,98"
"2019,44,1,1,81,113"
"2019,43,1,1,84,104"
"2019,42,1,1,104,120"
"2019,41,1,1,84,112"
"2019,40,1,1,119,125"
"2019,39,1,1,106,131"
"2019,38,1,1,109,115"
"2019,37,1,1,125,145"
"2019,36,1,1,157,155"
"2019,35,1,1,165,166"
"2019,34,1,1,159,186"
"2019,33,1,1,185,175"
"2019,32,1,1,181,197"
"2019,31,1,1,189,210"
"2019,30,1,1,204,208"
"2019,29,1,1,206,167"
"2019,28,1,1,208,162"
"2019,27,1,1,174,189"
"2019,26,1,1,168,147"
"2019,25,1,1,176,178"
"2019,24,1,1,203,186"
"2019,23,1,1,254,246"
"2019,22,1,1,270,259"
"2019,21,1,1,351,329"
"2019,20,1,1,297,347"
"2019,19,1,1,462,618"
"2019,18,1,1,678,702"
"2019,17,1,1,498,302"
"2019,16,1,1,620,331"
"2019,15,1,1,212,118"
"2019,14,1,1,74,84"
"2019,13,1,1,64,85"
"2019,12,1,1,71,81"
"2019,11,1,1,79,95"
"2019,10,1,1,95,105"
"2019,9,1,1,103,94"
"2019,8,1,1,103,136"
"2019,7,1,1,146,158"
"2019,6,1,1,206,138"
"2019,5,1,1,147,129"
"2019,4,1,1,121,97"
"2019,3,1,1,153,140"
"2019,2,1,1,142,128"
"2019,1,1,1,117,103"
"2019,0,1,1,72,43"
"2020,0,1,1,61,16"
"2020,1,1,1,88,51"
"2020,2,1,1,94,98"
"2020,3,1,1,115,88"
"2020,4,1,1,114,118"
"2020,5,1,1,116,119"
"2020,6,1,1,173,109"
"2020,7,1,1,150,136"
"2020,8,1,1,116,138"
"2020,9,1,1,93,93"
"2020,10,1,1,97,66"
"2020,11,1,1,90,85"
"2020,12,1,1,72,76"
"2020,13,1,1,77,76"
"2020,14,1,1,66,77"
"2020,15,1,1,186,67"
"2020,16,1,1,539,149"
"2020,17,1,1,454,293"
"2020,18,1,1,600,584"
"2020,19,1,1,467,813"
"2020,20,1,1,279,510"
"2020,21,1,1,353,236"
"2020,22,1,1,266,273"
"2020,23,1,1,234,225"
"2020,24,1,1,182,198"
"2020,25,1,1,177,151"
"2020,26,1,1,161,153"
"2020,27,1,1,157,145"
"2020,28,1,1,133,135"
"2020,29,1,1,176,122"
"2020,30,1,1,190,158"
"2020,31,1,1,184,164"
"2020,32,1,1,168,182"
"2020,33,1,1,201,161"
"2020,34,1,1,150,193"
"2020,35,1,1,159,139"
"2020,36,1,1,176,151"
"2020,37,1,1,150,157"
"2020,38,1,1,107,124"
"2020,39,1,1,111,133"
"2020,40,1,1,104,100"
"2020,41,1,1,91,114"
"2020,42,1,1,85,107"
"2020,43,1,1,94,78"
"2020,44,1,1,70,81"
"2020,45,1,1,86,92"
"2020,46,1,1,67,78"
"2020,47,1,1,82,78"
"2020,48,1,1,65,85"
"2020,49,1,1,55,86"
"2020,50,1,1,56,64"
"2020,51,1,1,44,77"
"2020,52,1,1,43,64"
"2020,53,1,1,46,46"
"2020,54,1,1,48,62"
"2020,55,1,1,37,64"
"2020,56,1,1,45,54"
"2020,57,1,1,44,51"
"2020,58,1,1,49,57"
"2020,59,1,1,40,56"
"2020,60,1,1,51,43"
"2020,61,1,1,34,55"
"2020,62,1,1,50,47"
"2020,63,1,1,46,49"
"2020,64,1,1,36,48"
"2020,65,1,1,36,40"
"2020,66,1,1,19,54"
"2020,67,1,1,28,32"
"2020,68,1,1,18,40"
"2020,69,1,1,22,33"
"2020,70,1,1,15,23"
"2020,71,1,1,17,24"
"2020,72,1,1,14,22"
"2020,73,1,1,14,13"
"2020,74,1,1,3,11"
"2020,75,1,1,2,7"
"2020,76,1,1,6,6"
"2020,77,1,1,3,3"
"2020,78,1,1,5,7"
"2020,79,1,1,9,6"
"2020,80,1,1,9,11"
"2020,81,1,1,6,7"
"2020,82,1,1,5,14"
"2020,83,1,1,8,3"
"2020,84,1,1,4,10"
"2020,85,1,1,1,2"
"2020,86,1,1,2,4"
"2020,87,1,1,2,1"
"2020,88,1,1,3,1"
"2020,89,1,1,3,0"
"2020,90,1,1,3,0"
"2020,91,1,1,2,0"
"2020,92,1,1,0,0"
"2020,93,1,1,0,0"
"2020,94,1,1,0,0"
"2020,95,1,1,1,0"
"2020,100,1,1,0,0"
"2020,96,1,1,0,0"
"2020,97,1,1,0,0"
"2020,98,1,1,0,0"
"2020,99,1,1,0,0"
"2020,0,1,0,53,41"
"2020,1,1,0,75,68"
"2020,2,1,0,117,116"
"2020,3,1,0,108,121"
"2020,4,1,0,131,137"
"2020,5,1,0,98,131"
"2020,6,1,0,129,149"
"2020,7,1,0,120,164"
"2020,8,1,0,102,135"
"2020,9,1,0,63,94"
"2020,10,1,0,83,94"
"2020,11,1,0,67,122"
"2020,12,1,0,80,91"
"2020,13,1,0,75,104"
"2020,14,1,0,53,74"
"2020,15,1,0,110,116"
"2020,16,1,0,259,528"
"2020,17,1,0,307,286"
"2020,18,1,0,442,446"
"2020,19,1,0,374,257"
"2020,20,1,0,190,167"
"2020,21,1,0,183,110"
"2020,22,1,0,143,129"
"2020,23,1,0,109,112"
"2020,24,1,0,95,113"
"2020,25,1,0,93,103"
"2020,26,1,0,79,130"
"2020,27,1,0,100,112"
"2020,28,1,0,121,137"
"2020,29,1,0,135,133"
"2020,30,1,0,128,163"
"2020,31,1,0,132,167"
"2020,32,1,0,186,169"
"2020,33,1,0,134,172"
"2020,34,1,0,144,168"
"2020,35,1,0,125,127"
"2020,36,1,0,120,134"
"2020,37,1,0,126,132"
"2020,38,1,0,110,108"
"2020,39,1,0,101,109"
"2020,40,1,0,110,97"
"2020,41,1,0,91,88"
"2020,42,1,0,92,87"
"2020,43,1,0,69,77"
"2020,44,1,0,77,66"
"2020,45,1,0,72,68"
"2020,46,1,0,65,50"
"2020,47,1,0,69,66"
"2020,48,1,0,74,48"
"2020,49,1,0,52,42"
"2020,50,1,0,55,41"
"2020,51,1,0,63,40"
"2020,52,1,0,53,36"
"2020,53,1,0,53,44"
"2020,54,1,0,52,57"
"2020,55,1,0,53,47"
"2020,56,1,0,58,41"
"2020,57,1,0,65,37"
"2020,58,1,0,60,44"
"2020,59,1,0,49,47"
"2020,60,1,0,61,54"
"2020,61,1,0,60,39"
"2020,62,1,0,50,54"
"2020,63,1,0,50,48"
"2020,64,1,0,45,40"
"2020,65,1,0,43,43"
"2020,66,1,0,39,28"
"2020,67,1,0,21,14"
"2020,68,1,0,33,21"
"2020,69,1,0,35,25"
"2020,70,1,0,17,15"
"2020,71,1,0,18,19"
"2020,72,1,0,12,13"
"2020,73,1,0,16,15"
"2020,74,1,0,6,10"
"2020,75,1,0,5,1"
"2020,76,1,0,2,3"
"2020,77,1,0,2,1"
"2020,78,1,0,6,4"
"2020,79,1,0,2,4"
"2020,80,1,0,8,10"
"2020,81,1,0,4,7"
"2020,82,1,0,2,5"
"2020,83,1,0,3,5"
"2020,84,1,0,5,10"
"2020,85,1,0,0,0"
"2020,86,1,0,6,2"
"2020,87,1,0,3,3"
"2020,88,1,0,0,0"
"2020,89,1,0,1,0"
"2020,90,1,0,1,3"
"2020,91,1,0,0,2"
"2020,92,1,0,0,0"
"2020,93,1,0,0,0"
"2020,94,1,0,0,0"
"2020,95,1,0,0,0"
"2020,96,1,0,0,0"
"2020,97,1,0,0,0"
"2020,98,1,0,0,0"
"2020,99,1,0,0,0"
"2020,100,1,0,0,0"
"2020,0,0,1,59,23"
"2020,1,0,1,97,51"
"2020,2,0,1,117,79"
"2020,3,0,1,104,94"
"2020,4,0,1,125,98"
"2020,5,0,1,123,105"
"2020,6,0,1,177,95"
"2020,7,0,1,123,144"
"2020,8,0,1,108,106"
"2020,9,0,1,85,119"
"2020,10,0,1,70,91"
"2020,11,0,1,82,83"
"2020,12,0,1,68,58"
"2020,13,0,1,72,65"
"2020,14,0,1,61,70"
"2020,15,0,1,205,55"
"2020,16,0,1,502,158"
"2020,17,0,1,419,192"
"2020,18,0,1,775,524"
"2020,19,0,1,590,777"
"2020,20,0,1,465,633"
"2020,21,0,1,480,403"
"2020,22,0,1,360,454"
"2020,23,0,1,284,276"
"2020,24,0,1,204,241"
"2020,25,0,1,215,186"
"2020,26,0,1,238,156"
"2020,27,0,1,202,167"
"2020,28,0,1,222,199"
"2020,29,0,1,264,214"
"2020,30,0,1,237,209"
"2020,31,0,1,214,212"
"2020,32,0,1,213,202"
"2020,33,0,1,227,219"
"2020,34,0,1,207,185"
"2020,35,0,1,194,174"
"2020,36,0,1,175,174"
"2020,37,0,1,169,162"
"2020,38,0,1,138,157"
"2020,39,0,1,123,145"
"2020,40,0,1,108,117"
"2020,41,0,1,121,94"
"2020,42,0,1,103,106"
"2020,43,0,1,86,101"
"2020,44,0,1,81,75"
"2020,45,0,1,74,89"
"2020,46,0,1,56,82"
"2020,47,0,1,48,75"
"2020,48,0,1,66,88"
"2020,49,0,1,58,66"
"2020,50,0,1,41,79"
"2020,51,0,1,33,67"
"2020,52,0,1,50,57"
"2020,53,0,1,59,49"
"2020,54,0,1,49,72"
"2020,55,0,1,65,51"
"2020,56,0,1,50,64"
"2020,57,0,1,70,65"
"2020,58,0,1,51,54"
"2020,59,0,1,61,85"
"2020,60,0,1,76,77"
"2020,61,0,1,67,73"
"2020,62,0,1,56,77"
"2020,63,0,1,59,57"
"2020,64,0,1,65,74"
"2020,65,0,1,49,61"
"2020,66,0,1,41,53"
"2020,67,0,1,51,53"
"2020,68,0,1,39,51"
"2020,69,0,1,28,46"
"2020,70,0,1,30,46"
"2020,71,0,1,28,31"
"2020,72,0,1,13,21"
"2020,73,0,1,20,39"
"2020,74,0,1,12,20"
"2020,75,0,1,11,12"
"2020,76,0,1,7,13"
"2020,77,0,1,10,5"
"2020,78,0,1,12,10"
"2020,79,0,1,18,20"
"2020,80,0,1,26,14"
"2020,81,0,1,26,23"
"2020,82,0,1,11,17"
"2020,83,0,1,16,26"
"2020,84,0,1,13,17"
"2020,85,0,1,8,9"
"2020,86,0,1,6,4"
"2020,87,0,1,7,7"
"2020,88,0,1,8,5"
"2020,89,0,1,6,6"
"2020,90,0,1,7,0"
"2020,91,0,1,4,6"
"2020,92,0,1,2,2"
"2020,93,0,1,1,3"
"2020,94,0,1,1,5"
"2020,95,0,1,1,0"
"2020,96,0,1,2,1"
"2020,97,0,1,1,1"
"2020,98,0,1,0,0"
"2020,99,0,1,0,1"
"2020,100,0,1,0,2"
"2020,0,0,0,44,43"
"2020,1,0,0,62,82"
"2020,2,0,0,80,101"
"2020,3,0,0,98,111"
"2020,4,0,0,109,152"
"2020,5,0,0,102,133"
"2020,6,0,0,134,143"
"2020,7,0,0,132,179"
"2020,8,0,0,104,110"
"2020,9,0,0,77,96"
"2020,10,0,0,76,91"
"2020,11,0,0,59,72"
"2020,12,0,0,56,84"
"2020,13,0,0,58,77"
"2020,14,0,0,55,70"
"2020,15,0,0,100,124"
"2020,16,0,0,200,491"
"2020,17,0,0,208,291"
"2020,18,0,0,339,494"
"2020,19,0,0,376,361"
"2020,20,0,0,280,267"
"2020,21,0,0,319,177"
"2020,22,0,0,217,228"
"2020,23,0,0,147,190"
"2020,24,0,0,143,186"
"2020,25,0,0,127,168"
"2020,26,0,0,131,228"
"2020,27,0,0,144,191"
"2020,28,0,0,191,220"
"2020,29,0,0,178,236"
"2020,30,0,0,173,220"
"2020,31,0,0,182,242"
"2020,32,0,0,178,215"
"2020,33,0,0,155,211"
"2020,34,0,0,149,220"
"2020,35,0,0,146,171"
"2020,36,0,0,146,169"
"2020,37,0,0,120,155"
"2020,38,0,0,113,112"
"2020,39,0,0,102,123"
"2020,40,0,0,95,105"
"2020,41,0,0,80,115"
"2020,42,0,0,74,96"
"2020,43,0,0,63,82"
"2020,44,0,0,63,66"
"2020,45,0,0,63,65"
"2020,46,0,0,81,61"
"2020,47,0,0,51,46"
"2020,48,0,0,51,54"
"2020,49,0,0,59,47"
"2020,50,0,0,57,45"
"2020,51,0,0,48,34"
"2020,52,0,0,46,26"
"2020,53,0,0,56,41"
"2020,54,0,0,57,47"
"2020,55,0,0,48,64"
"2020,56,0,0,46,45"
"2020,57,0,0,58,60"
"2020,58,0,0,62,48"
"2020,59,0,0,61,47"
"2020,60,0,0,65,67"
"2020,61,0,0,56,55"
"2020,62,0,0,48,57"
"2020,63,0,0,52,44"
"2020,64,0,0,53,48"
"2020,65,0,0,53,36"
"2020,66,0,0,43,41"
"2020,67,0,0,34,35"
"2020,68,0,0,42,39"
"2020,69,0,0,47,29"
"2020,70,0,0,21,30"
"2020,71,0,0,29,26"
"2020,72,0,0,26,21"
"2020,73,0,0,30,8"
"2020,100,0,0,1,1"
"2020,74,0,0,13,19"
"2020,75,0,0,7,9"
"2020,76,0,0,4,3"
"2020,77,0,0,13,6"
"2020,78,0,0,12,17"
"2020,79,0,0,16,18"
"2020,80,0,0,12,23"
"2020,81,0,0,20,29"
"2020,82,0,0,22,24"
"2020,83,0,0,15,20"
"2020,84,0,0,13,19"
"2020,85,0,0,10,12"
"2020,86,0,0,13,9"
"2020,87,0,0,12,8"
"2020,88,0,0,9,17"
"2020,89,0,0,7,9"
"2020,90,0,0,6,9"
"2020,91,0,0,1,5"
"2020,92,0,0,3,2"
"2020,93,0,0,4,3"
"2020,94,0,0,3,6"
"2020,95,0,0,1,3"
"2020,96,0,0,2,3"
"2020,97,0,0,0,0"
"2020,98,0,0,0,0"
"2020,99,0,0,0,0"
"2021,99,0,0,0,0"
"2021,98,0,0,1,2"
"2021,97,0,0,1,1"
"2021,96,0,0,0,0"
"2021,95,0,0,0,1"
"2021,94,0,0,1,3"
"2021,93,0,0,2,2"
"2021,92,0,0,3,7"
"2021,91,0,0,6,4"
"2021,90,0,0,5,5"
"2021,89,0,0,6,8"
"2021,88,0,0,7,10"
"2021,87,0,0,6,11"
"2021,86,0,0,11,6"
"2021,85,0,0,12,14"
"2021,84,0,0,20,22"
"2021,83,0,0,15,13"
"2021,82,0,0,22,24"
"2021,81,0,0,18,15"
"2021,80,0,0,13,13"
"2021,79,0,0,16,15"
"2021,78,0,0,10,5"
"2021,77,0,0,7,4"
"2021,76,0,0,11,7"
"2021,75,0,0,12,8"
"2021,74,0,0,21,19"
"2021,100,0,0,2,2"
"2021,73,0,0,19,21"
"2021,72,0,0,31,20"
"2021,71,0,0,35,31"
"2021,70,0,0,42,38"
"2021,69,0,0,39,43"
"2021,68,0,0,32,36"
"2021,67,0,0,48,42"
"2021,66,0,0,62,44"
"2021,65,0,0,47,50"
"2021,64,0,0,67,68"
"2021,63,0,0,72,51"
"2021,62,0,0,71,71"
"2021,61,0,0,83,73"
"2021,60,0,0,62,60"
"2021,59,0,0,83,56"
"2021,58,0,0,78,63"
"2021,57,0,0,56,50"
"2021,56,0,0,75,57"
"2021,55,0,0,64,73"
"2021,54,0,0,66,50"
"2021,53,0,0,47,53"
"2021,52,0,0,49,45"
"2021,51,0,0,65,53"
"2021,50,0,0,55,58"
"2021,49,0,0,71,56"
"2021,48,0,0,66,64"
"2021,47,0,0,54,55"
"2021,46,0,0,81,58"
"2021,45,0,0,64,74"
"2021,44,0,0,99,92"
"2021,43,0,0,98,75"
"2021,42,0,0,93,108"
"2021,41,0,0,94,100"
"2021,40,0,0,130,124"
"2021,39,0,0,106,113"
"2021,38,0,0,146,153"
"2021,37,0,0,145,166"
"2021,36,0,0,159,190"
"2021,35,0,0,155,195"
"2021,34,0,0,166,227"
"2021,33,0,0,187,220"
"2021,32,0,0,200,241"
"2021,31,0,0,209,253"
"2021,30,0,0,157,206"
"2021,29,0,0,181,254"
"2021,28,0,0,173,225"
"2021,27,0,0,151,208"
"2021,26,0,0,137,209"
"2021,25,0,0,129,214"
"2021,24,0,0,125,196"
"2021,23,0,0,168,238"
"2021,22,0,0,215,215"
"2021,21,0,0,300,221"
"2021,20,0,0,294,257"
"2021,19,0,0,591,347"
"2021,18,0,0,402,557"
"2021,17,0,0,164,339"
"2021,16,0,0,150,493"
"2021,15,0,0,74,206"
"2021,14,0,0,83,87"
"2021,13,0,0,77,76"
"2021,12,0,0,73,93"
"2021,11,0,0,86,92"
"2021,10,0,0,99,124"
"2021,9,0,0,105,115"
"2021,8,0,0,108,105"
"2021,7,0,0,146,171"
"2021,6,0,0,131,208"
"2021,5,0,0,128,168"
"2021,4,0,0,105,123"
"2021,3,0,0,128,148"
"2021,2,0,0,81,131"
"2021,1,0,0,88,97"
"2021,0,0,0,78,102"
"2021,100,0,1,0,1"
"2021,99,0,1,1,0"
"2021,98,0,1,2,0"
"2021,97,0,1,0,0"
"2021,96,0,1,0,1"
"2021,95,0,1,2,2"
"2021,94,0,1,2,3"
"2021,93,0,1,3,2"
"2021,92,0,1,5,3"
"2021,91,0,1,4,3"
"2021,90,0,1,4,3"
"2021,89,0,1,6,4"
"2021,88,0,1,5,8"
"2021,87,0,1,7,6"
"2021,86,0,1,7,14"
"2021,85,0,1,13,19"
"2021,84,0,1,14,16"
"2021,83,0,1,17,16"
"2021,82,0,1,23,25"
"2021,81,0,1,26,23"
"2021,80,0,1,17,16"
"2021,79,0,1,12,14"
"2021,78,0,1,10,9"
"2021,77,0,1,9,10"
"2021,76,0,1,13,10"
"2021,75,0,1,13,16"
"2021,74,0,1,31,26"
"2021,73,0,1,24,29"
"2021,72,0,1,25,38"
"2021,71,0,1,36,39"
"2021,70,0,1,46,47"
"2021,69,0,1,36,38"
"2021,68,0,1,41,49"
"2021,67,0,1,53,59"
"2021,66,0,1,57,75"
"2021,65,0,1,58,65"
"2021,64,0,1,71,61"
"2021,63,0,1,55,77"
"2021,62,0,1,71,69"
"2021,61,0,1,77,102"
"2021,60,0,1,62,58"
"2021,59,0,1,64,83"
"2021,58,0,1,64,85"
"2021,57,0,1,63,81"
"2021,56,0,1,63,70"
"2021,55,0,1,76,70"
"2021,54,0,1,48,71"
"2021,53,0,1,61,62"
"2021,52,0,1,50,68"
"2021,51,0,1,56,78"
"2021,50,0,1,66,74"
"2021,49,0,1,45,80"
"2021,48,0,1,67,71"
"2021,47,0,1,63,85"
"2021,46,0,1,62,84"
"2021,45,0,1,79,77"
"2021,44,0,1,88,100"
"2021,43,0,1,100,132"
"2021,42,0,1,114,113"
"2021,41,0,1,107,123"
"2021,40,0,1,131,154"
"2021,39,0,1,142,137"
"2021,38,0,1,164,137"
"2021,37,0,1,187,193"
"2021,36,0,1,186,171"
"2021,35,0,1,211,207"
"2021,34,0,1,247,221"
"2021,33,0,1,227,201"
"2021,32,0,1,247,229"
"2021,31,0,1,252,221"
"2021,30,0,1,217,200"
"2021,29,0,1,241,206"
"2021,28,0,1,208,182"
"2021,27,0,1,209,181"
"2021,26,0,1,218,177"
"2021,25,0,1,227,154"
"2021,24,0,1,235,161"
"2021,23,0,1,337,230"
"2021,22,0,1,339,328"
"2021,21,0,1,483,410"
"2021,20,0,1,440,452"
"2021,19,0,1,652,1012"
"2021,18,0,1,806,804"
"2021,17,0,1,452,255"
"2021,16,0,1,600,218"
"2021,15,0,1,213,101"
"2021,14,0,1,78,70"
"2021,13,0,1,75,77"
"2021,12,0,1,79,70"
"2021,11,0,1,83,68"
"2021,10,0,1,91,90"
"2021,9,0,1,95,93"
"2021,8,0,1,94,94"
"2021,7,0,1,164,157"
"2021,6,0,1,198,131"
"2021,5,0,1,151,119"
"2021,4,0,1,113,91"
"2021,3,0,1,123,112"
"2021,2,0,1,131,84"
"2021,1,0,1,102,73"
"2021,0,0,1,91,48"
"2021,100,1,0,1,0"
"2021,99,1,0,0,0"
"2021,98,1,0,0,0"
"2021,97,1,0,0,0"
"2021,96,1,0,0,0"
"2021,95,1,0,0,0"
"2021,94,1,0,1,1"
"2021,93,1,0,0,0"
"2021,92,1,0,0,0"
"2021,91,1,0,0,0"
"2021,90,1,0,0,1"
"2021,89,1,0,1,2"
"2021,88,1,0,1,1"
"2021,87,1,0,0,1"
"2021,86,1,0,0,3"
"2021,85,1,0,1,3"
"2021,84,1,0,2,5"
"2021,83,1,0,5,4"
"2021,82,1,0,4,8"
"2021,81,1,0,9,4"
"2021,80,1,0,4,6"
"2021,79,1,0,7,5"
"2021,78,1,0,2,2"
"2021,77,1,0,3,4"
"2021,76,1,0,2,3"
"2021,75,1,0,11,5"
"2021,74,1,0,26,21"
"2021,73,1,0,12,9"
"2021,72,1,0,19,10"
"2021,71,1,0,27,23"
"2021,70,1,0,19,11"
"2021,69,1,0,28,20"
"2021,68,1,0,27,18"
"2021,67,1,0,37,29"
"2021,66,1,0,40,34"
"2021,65,1,0,64,37"
"2021,64,1,0,69,52"
"2021,63,1,0,52,30"
"2021,62,1,0,61,38"
"2021,61,1,0,75,55"
"2021,60,1,0,81,54"
"2021,59,1,0,75,63"
"2021,58,1,0,82,50"
"2021,57,1,0,52,45"
"2021,56,1,0,59,38"
"2021,55,1,0,66,53"
"2021,54,1,0,55,34"
"2021,53,1,0,54,38"
"2021,52,1,0,59,46"
"2021,51,1,0,60,40"
"2021,50,1,0,61,46"
"2021,49,1,0,81,60"
"2021,48,1,0,72,52"
"2021,47,1,0,79,59"
"2021,46,1,0,91,58"
"2021,45,1,0,98,73"
"2021,44,1,0,102,77"
"2021,43,1,0,76,71"
"2021,42,1,0,87,73"
"2021,41,1,0,116,93"
"2021,40,1,0,107,82"
"2021,39,1,0,102,104"
"2021,38,1,0,109,118"
"2021,37,1,0,156,161"
"2021,36,1,0,155,144"
"2021,35,1,0,167,181"
"2021,34,1,0,182,186"
"2021,33,1,0,190,176"
"2021,32,1,0,182,177"
"2021,31,1,0,164,160"
"2021,30,1,0,143,168"
"2021,29,1,0,167,179"
"2021,28,1,0,125,134"
"2021,27,1,0,117,112"
"2021,26,1,0,116,133"
"2021,25,1,0,112,129"
"2021,24,1,0,105,115"
"2021,23,1,0,129,123"
"2021,22,1,0,147,142"
"2021,21,1,0,184,137"
"2021,20,1,0,206,188"
"2021,19,1,0,454,225"
"2021,18,1,0,407,442"
"2021,17,1,0,211,386"
"2021,16,1,0,177,497"
"2021,15,1,0,104,198"
"2021,14,1,0,59,75"
"2021,13,1,0,71,80"
"2021,12,1,0,91,88"
"2021,11,1,0,72,91"
"2021,10,1,0,101,112"
"2021,9,1,0,110,114"
"2021,8,1,0,110,127"
"2021,7,1,0,152,158"
"2021,6,1,0,146,220"
"2021,5,1,0,103,134"
"2021,4,1,0,119,130"
"2021,3,1,0,110,128"
"2021,2,1,0,101,105"
"2021,1,1,0,105,140"
"2021,0,1,0,80,110"
"2021,99,1,1,0,0"
"2021,98,1,1,0,0"
"2021,97,1,1,0,0"
"2021,96,1,1,0,0"
"2021,100,1,1,0,1"
"2021,95,1,1,0,1"
"2021,94,1,1,1,0"
"2021,93,1,1,0,1"
"2021,92,1,1,0,1"
"2021,91,1,1,2,2"
"2021,90,1,1,1,1"
"2021,89,1,1,0,5"
"2021,88,1,1,2,2"
"2021,87,1,1,2,2"
"2021,86,1,1,8,4"
"2021,85,1,1,2,1"
"2021,84,1,1,7,3"
"2021,83,1,1,5,8"
"2021,82,1,1,9,10"
"2021,81,1,1,2,11"
"2021,80,1,1,7,10"
"2021,79,1,1,7,12"
"2021,78,1,1,6,2"
"2021,77,1,1,4,7"
"2021,76,1,1,5,5"
"2021,75,1,1,4,11"
"2021,74,1,1,15,17"
"2021,73,1,1,13,12"
"2021,72,1,1,13,16"
"2021,71,1,1,24,26"
"2021,70,1,1,20,21"
"2021,69,1,1,23,34"
"2021,68,1,1,24,27"
"2021,67,1,1,37,43"
"2021,66,1,1,29,34"
"2021,65,1,1,43,48"
"2021,64,1,1,58,55"
"2021,63,1,1,27,56"
"2021,62,1,1,50,49"
"2021,61,1,1,46,62"
"2021,60,1,1,58,65"
"2021,59,1,1,49,65"
"2021,58,1,1,50,65"
"2021,57,1,1,42,54"
"2021,56,1,1,45,59"
"2021,55,1,1,54,62"
"2021,54,1,1,55,54"
"2021,53,1,1,46,66"
"2021,52,1,1,56,58"
"2021,51,1,1,48,60"
"2021,50,1,1,63,62"
"2021,49,1,1,68,87"
"2021,48,1,1,65,70"
"2021,47,1,1,61,90"
"2021,46,1,1,77,90"
"2021,45,1,1,81,97"
"2021,44,1,1,91,103"
"2021,43,1,1,114,99"
"2021,42,1,1,84,119"
"2021,41,1,1,96,119"
"2021,40,1,1,115,123"
"2021,39,1,1,121,135"
"2021,38,1,1,152,139"
"2021,37,1,1,181,163"
"2021,36,1,1,160,189"
"2021,35,1,1,176,177"
"2021,34,1,1,205,176"
"2021,33,1,1,185,185"
"2021,32,1,1,175,190"
"2021,31,1,1,174,172"
"2021,30,1,1,187,156"
"2021,29,1,1,188,193"
"2021,28,1,1,172,134"
"2021,27,1,1,161,156"
"2021,26,1,1,175,145"
"2021,25,1,1,181,135"
"2021,24,1,1,208,135"
"2021,23,1,1,268,187"
"2021,22,1,1,315,233"
"2021,21,1,1,399,266"
"2021,20,1,1,326,343"
"2021,19,1,1,474,739"
"2021,18,1,1,665,688"
"2021,17,1,1,487,260"
"2021,16,1,1,569,214"
"2021,15,1,1,185,101"
"2021,14,1,1,71,75"
"2021,13,1,1,85,68"
"2021,12,1,1,72,75"
"2021,11,1,1,111,98"
"2021,10,1,1,86,92"
"2021,9,1,1,94,112"
"2021,8,1,1,131,119"
"2021,7,1,1,134,150"
"2021,6,1,1,202,141"
"2021,5,1,1,145,113"
"2021,4,1,1,128,119"
"2021,3,1,1,120,109"
"2021,2,1,1,95,98"
"2021,1,1,1,128,79"
"2021,0,1,1,91,60"
"2022,0,1,1,70,48"
"2022,1,1,1,120,107"
"2022,2,1,1,120,120"
"2022,3,1,1,99,103"
"2022,4,1,1,111,108"
"2022,5,1,1,140,103"
"2022,6,1,1,184,157"
"2022,7,1,1,177,157"
"2022,8,1,1,108,129"
"2022,9,1,1,125,94"
"2022,10,1,1,128,115"
"2022,11,1,1,108,110"
"2022,12,1,1,101,87"
"2022,13,1,1,89,79"
"2022,14,1,1,82,77"
"2022,15,1,1,214,137"
"2022,16,1,1,640,359"
"2022,17,1,1,538,383"
"2022,18,1,1,660,823"
"2022,19,1,1,506,792"
"2022,20,1,1,331,423"
"2022,21,1,1,415,392"
"2022,22,1,1,317,354"
"2022,23,1,1,269,282"
"2022,24,1,1,208,235"
"2022,25,1,1,199,200"
"2022,26,1,1,183,178"
"2022,27,1,1,173,191"
"2022,28,1,1,183,177"
"2022,29,1,1,180,148"
"2022,30,1,1,164,182"
"2022,31,1,1,189,176"
"2022,32,1,1,179,172"
"2022,33,1,1,189,176"
"2022,34,1,1,162,198"
"2022,35,1,1,187,216"
"2022,36,1,1,159,195"
"2022,37,1,1,150,167"
"2022,38,1,1,134,181"
"2022,39,1,1,129,135"
"2022,40,1,1,121,143"
"2022,41,1,1,119,125"
"2022,42,1,1,116,129"
"2022,43,1,1,95,122"
"2022,44,1,1,110,125"
"2022,45,1,1,88,115"
"2022,46,1,1,84,104"
"2022,47,1,1,81,93"
"2022,48,1,1,77,104"
"2022,49,1,1,60,101"
"2022,50,1,1,47,82"
"2022,51,1,1,53,89"
"2022,52,1,1,54,64"
"2022,53,1,1,40,58"
"2022,54,1,1,54,58"
"2022,55,1,1,53,64"
"2022,56,1,1,43,66"
"2022,57,1,1,46,60"
"2022,58,1,1,51,56"
"2022,59,1,1,54,61"
"2022,60,1,1,50,61"
"2022,61,1,1,55,60"
"2022,62,1,1,44,61"
"2022,63,1,1,48,55"
"2022,64,1,1,49,59"
"2022,65,1,1,49,55"
"2022,66,1,1,46,43"
"2022,67,1,1,42,35"
"2022,68,1,1,32,38"
"2022,69,1,1,31,38"
"2022,70,1,1,25,30"
"2022,71,1,1,27,30"
"2022,72,1,1,24,19"
"2022,73,1,1,20,11"
"2022,74,1,1,13,16"
"2022,75,1,1,19,16"
"2022,76,1,1,6,7"
"2022,77,1,1,3,4"
"2022,78,1,1,3,4"
"2022,79,1,1,3,4"
"2022,80,1,1,9,4"
"2022,81,1,1,5,5"
"2022,82,1,1,4,6"
"2022,83,1,1,14,12"
"2022,84,1,1,11,4"
"2022,85,1,1,2,3"
"2022,86,1,1,1,4"
"2022,87,1,1,0,2"
"2022,88,1,1,1,2"
"2022,89,1,1,1,0"
"2022,90,1,1,2,3"
"2022,91,1,1,1,4"
"2022,92,1,1,1,0"
"2022,93,1,1,0,1"
"2022,94,1,1,1,0"
"2022,95,1,1,0,0"
"2022,100,1,1,0,0"
"2022,96,1,1,0,0"
"2022,97,1,1,0,0"
"2022,98,1,1,0,0"
"2022,99,1,1,0,0"
"2022,0,1,0,74,93"
"2022,1,1,0,112,127"
"2022,2,1,0,118,112"
"2022,3,1,0,93,98"
"2022,4,1,0,96,104"
"2022,5,1,0,111,127"
"2022,6,1,0,149,199"
"2022,7,1,0,159,162"
"2022,8,1,0,116,93"
"2022,9,1,0,93,117"
"2022,10,1,0,103,119"
"2022,11,1,0,111,97"
"2022,12,1,0,82,87"
"2022,13,1,0,71,91"
"2022,14,1,0,92,92"
"2022,15,1,0,126,231"
"2022,16,1,0,255,578"
"2022,17,1,0,280,398"
"2022,18,1,0,457,415"
"2022,19,1,0,437,198"
"2022,20,1,0,217,141"
"2022,21,1,0,201,135"
"2022,22,1,0,161,120"
"2022,23,1,0,129,117"
"2022,24,1,0,104,111"
"2022,25,1,0,112,125"
"2022,26,1,0,107,119"
"2022,27,1,0,108,100"
"2022,28,1,0,116,129"
"2022,29,1,0,110,132"
"2022,30,1,0,122,148"
"2022,31,1,0,134,149"
"2022,32,1,0,155,159"
"2022,33,1,0,131,156"
"2022,34,1,0,167,154"
"2022,35,1,0,173,182"
"2022,36,1,0,152,129"
"2022,37,1,0,133,125"
"2022,38,1,0,131,119"
"2022,39,1,0,107,99"
"2022,40,1,0,112,105"
"2022,41,1,0,91,102"
"2022,42,1,0,111,95"
"2022,43,1,0,96,75"
"2022,44,1,0,92,95"
"2022,45,1,0,94,80"
"2022,46,1,0,87,72"
"2022,47,1,0,78,61"
"2022,48,1,0,64,55"
"2022,49,1,0,69,48"
"2022,50,1,0,63,56"
"2022,51,1,0,65,49"
"2022,52,1,0,50,49"
"2022,53,1,0,41,34"
"2022,54,1,0,49,48"
"2022,55,1,0,57,49"
"2022,56,1,0,60,44"
"2022,57,1,0,55,37"
"2022,58,1,0,54,48"
"2022,59,1,0,50,44"
"2022,60,1,0,58,51"
"2022,61,1,0,50,56"
"2022,62,1,0,66,61"
"2022,63,1,0,53,53"
"2022,64,1,0,45,34"
"2022,65,1,0,54,54"
"2022,66,1,0,43,45"
"2022,67,1,0,31,35"
"2022,68,1,0,37,23"
"2022,69,1,0,26,16"
"2022,70,1,0,19,18"
"2022,71,1,0,16,18"
"2022,72,1,0,23,28"
"2022,73,1,0,13,16"
"2022,74,1,0,9,14"
"2022,75,1,0,18,14"
"2022,76,1,0,4,5"
"2022,77,1,0,7,4"
"2022,78,1,0,1,2"
"2022,79,1,0,3,5"
"2022,80,1,0,6,10"
"2022,81,1,0,1,5"
"2022,82,1,0,4,5"
"2022,83,1,0,5,14"
"2022,84,1,0,4,7"
"2022,85,1,0,1,4"
"2022,86,1,0,5,2"
"2022,87,1,0,2,0"
"2022,88,1,0,0,1"
"2022,89,1,0,3,0"
"2022,90,1,0,2,3"
"2022,91,1,0,2,0"
"2022,92,1,0,0,1"
"2022,93,1,0,1,0"
"2022,94,1,0,0,0"
"2022,95,1,0,0,0"
"2022,96,1,0,0,0"
"2022,97,1,0,0,0"
"2022,98,1,0,0,0"
"2022,99,1,0,0,0"
"2022,100,1,0,0,0"
"2022,0,0,1,60,56"
"2022,1,0,1,91,77"
"2022,2,0,1,129,96"
"2022,3,0,1,93,96"
"2022,4,0,1,93,89"
"2022,5,0,1,118,124"
"2022,6,0,1,190,125"
"2022,7,0,1,161,131"
"2022,8,0,1,121,111"
"2022,9,0,1,106,89"
"2022,10,0,1,99,100"
"2022,11,0,1,108,94"
"2022,12,0,1,85,91"
"2022,13,0,1,76,100"
"2022,14,0,1,97,90"
"2022,15,0,1,247,102"
"2022,16,0,1,641,322"
"2022,17,0,1,566,318"
"2022,18,0,1,851,880"
"2022,19,0,1,690,1140"
"2022,20,0,1,507,535"
"2022,21,0,1,500,554"
"2022,22,0,1,371,435"
"2022,23,0,1,279,274"
"2022,24,0,1,247,233"
"2022,25,0,1,215,191"
"2022,26,0,1,169,187"
"2022,27,0,1,206,197"
"2022,28,0,1,193,155"
"2022,29,0,1,209,178"
"2022,30,0,1,199,219"
"2022,31,0,1,193,204"
"2022,32,0,1,211,197"
"2022,33,0,1,212,207"
"2022,34,0,1,239,259"
"2022,35,0,1,209,212"
"2022,36,0,1,181,186"
"2022,37,0,1,176,181"
"2022,38,0,1,189,166"
"2022,39,0,1,164,168"
"2022,40,0,1,137,140"
"2022,41,0,1,150,116"
"2022,42,0,1,100,118"
"2022,43,0,1,120,137"
"2022,44,0,1,98,111"
"2022,45,0,1,95,110"
"2022,46,0,1,101,102"
"2022,47,0,1,78,91"
"2022,48,0,1,81,100"
"2022,49,0,1,65,77"
"2022,50,0,1,68,61"
"2022,51,0,1,70,91"
"2022,52,0,1,51,49"
"2022,53,0,1,48,72"
"2022,54,0,1,66,51"
"2022,55,0,1,70,58"
"2022,56,0,1,55,74"
"2022,57,0,1,79,71"
"2022,58,0,1,61,71"
"2022,59,0,1,74,72"
"2022,60,0,1,81,57"
"2022,61,0,1,67,75"
"2022,62,0,1,77,55"
"2022,63,0,1,75,64"
"2022,64,0,1,63,70"
"2022,65,0,1,49,65"
"2022,66,0,1,60,55"
"2022,67,0,1,74,57"
"2022,68,0,1,68,59"
"2022,69,0,1,54,40"
"2022,70,0,1,55,51"
"2022,71,0,1,56,40"
"2022,72,0,1,38,40"
"2022,73,0,1,32,27"
"2022,74,0,1,30,34"
"2022,75,0,1,27,27"
"2022,76,0,1,14,11"
"2022,77,0,1,10,21"
"2022,78,0,1,19,10"
"2022,79,0,1,7,8"
"2022,80,0,1,19,20"
"2022,81,0,1,29,14"
"2022,82,0,1,23,21"
"2022,83,0,1,19,20"
"2022,84,0,1,9,14"
"2022,85,0,1,17,15"
"2022,86,0,1,7,14"
"2022,87,0,1,14,7"
"2022,88,0,1,5,5"
"2022,89,0,1,10,6"
"2022,90,0,1,5,3"
"2022,91,0,1,4,5"
"2022,92,0,1,2,5"
"2022,93,0,1,4,5"
"2022,94,0,1,4,1"
"2022,95,0,1,1,3"
"2022,96,0,1,6,1"
"2022,97,0,1,1,3"
"2022,98,0,1,0,0"
"2022,99,0,1,0,0"
"2022,100,0,1,1,2"
"2022,0,0,0,80,73"
"2022,1,0,0,83,96"
"2022,2,0,0,81,107"
"2022,3,0,0,105,97"
"2022,4,0,0,90,97"
"2022,5,0,0,109,119"
"2022,6,0,0,144,198"
"2022,7,0,0,137,156"
"2022,8,0,0,116,104"
"2022,9,0,0,124,117"
"2022,10,0,0,97,88"
"2022,11,0,0,104,100"
"2022,12,0,0,80,81"
"2022,13,0,0,92,84"
"2022,14,0,0,60,72"
"2022,15,0,0,95,238"
"2022,16,0,0,179,517"
"2022,17,0,0,193,430"
"2022,18,0,0,419,510"
"2022,19,0,0,644,335"
"2022,20,0,0,320,288"
"2022,21,0,0,344,186"
"2022,22,0,0,251,206"
"2022,23,0,0,181,197"
"2022,24,0,0,141,182"
"2022,25,0,0,130,193"
"2022,26,0,0,119,144"
"2022,27,0,0,132,181"
"2022,28,0,0,142,194"
"2022,29,0,0,155,182"
"2022,30,0,0,171,202"
"2022,31,0,0,191,189"
"2022,32,0,0,153,214"
"2022,33,0,0,183,229"
"2022,34,0,0,190,216"
"2022,35,0,0,191,186"
"2022,36,0,0,156,149"
"2022,37,0,0,142,156"
"2022,38,0,0,134,145"
"2022,39,0,0,122,137"
"2022,40,0,0,122,114"
"2022,41,0,0,99,118"
"2022,42,0,0,81,91"
"2022,43,0,0,83,97"
"2022,44,0,0,97,86"
"2022,45,0,0,76,89"
"2022,46,0,0,64,67"
"2022,47,0,0,94,76"
"2022,48,0,0,64,56"
"2022,49,0,0,57,68"
"2022,50,0,0,40,59"
"2022,51,0,0,58,54"
"2022,52,0,0,57,56"
"2022,53,0,0,63,47"
"2022,54,0,0,54,56"
"2022,55,0,0,53,76"
"2022,56,0,0,66,55"
"2022,57,0,0,44,60"
"2022,58,0,0,57,60"
"2022,59,0,0,60,65"
"2022,60,0,0,63,73"
"2022,61,0,0,53,59"
"2022,62,0,0,59,71"
"2022,63,0,0,59,61"
"2022,64,0,0,50,58"
"2022,65,0,0,51,46"
"2022,66,0,0,46,53"
"2022,67,0,0,55,63"
"2022,68,0,0,46,53"
"2022,69,0,0,36,34"
"2022,70,0,0,38,38"
"2022,71,0,0,26,35"
"2022,72,0,0,39,35"
"2022,73,0,0,25,34"
"2022,100,0,0,2,0"
"2022,74,0,0,15,23"
"2022,75,0,0,18,23"
"2022,76,0,0,7,10"
"2022,77,0,0,11,9"
"2022,78,0,0,5,10"
"2022,79,0,0,8,7"
"2022,80,0,0,19,16"
"2022,81,0,0,8,20"
"2022,82,0,0,22,20"
"2022,83,0,0,16,24"
"2022,84,0,0,15,16"
"2022,85,0,0,12,17"
"2022,86,0,0,5,6"
"2022,87,0,0,9,13"
"2022,88,0,0,7,10"
"2022,89,0,0,4,11"
"2022,90,0,0,12,12"
"2022,91,0,0,5,5"
"2022,92,0,0,5,3"
"2022,93,0,0,7,5"
"2022,94,0,0,1,2"
"2022,95,0,0,2,1"
"2022,96,0,0,0,3"
"2022,97,0,0,3,1"
"2022,98,0,0,0,0"
"2022,99,0,0,0,0"
"2023,99,0,0,0,0"
"2023,98,0,0,0,0"
"2023,97,0,0,1,1"
"2023,96,0,0,0,1"
"2023,95,0,0,0,0"
"2023,94,0,0,3,4"
"2023,93,0,0,4,4"
"2023,92,0,0,4,4"
"2023,91,0,0,5,8"
"2023,90,0,0,6,7"
"2023,89,0,0,6,8"
"2023,88,0,0,5,12"
"2023,87,0,0,13,18"
"2023,86,0,0,24,16"
"2023,85,0,0,13,13"
"2023,84,0,0,18,16"
"2023,83,0,0,13,18"
"2023,82,0,0,14,17"
"2023,81,0,0,8,14"
"2023,80,0,0,9,9"
"2023,79,0,0,7,10"
"2023,78,0,0,8,10"
"2023,77,0,0,12,16"
"2023,76,0,0,21,20"
"2023,75,0,0,16,22"
"2023,74,0,0,16,20"
"2023,100,0,0,1,0"
"2023,73,0,0,37,31"
"2023,72,0,0,37,28"
"2023,71,0,0,39,43"
"2023,70,0,0,38,33"
"2023,69,0,0,47,42"
"2023,68,0,0,50,49"
"2023,67,0,0,40,44"
"2023,66,0,0,50,36"
"2023,65,0,0,58,43"
"2023,64,0,0,61,54"
"2023,63,0,0,63,62"
"2023,62,0,0,52,52"
"2023,61,0,0,46,44"
"2023,60,0,0,55,50"
"2023,59,0,0,60,45"
"2023,58,0,0,47,43"
"2023,57,0,0,49,45"
"2023,56,0,0,55,47"
"2023,55,0,0,59,62"
"2023,54,0,0,53,50"
"2023,53,0,0,59,47"
"2023,52,0,0,52,49"
"2023,51,0,0,66,49"
"2023,50,0,0,52,56"
"2023,49,0,0,78,59"
"2023,48,0,0,66,65"
"2023,47,0,0,66,67"
"2023,46,0,0,76,71"
"2023,45,0,0,82,80"
"2023,44,0,0,98,94"
"2023,43,0,0,91,76"
"2023,42,0,0,89,96"
"2023,41,0,0,110,116"
"2023,40,0,0,122,118"
"2023,39,0,0,119,134"
"2023,38,0,0,137,154"
"2023,37,0,0,143,162"
"2023,36,0,0,143,167"
"2023,35,0,0,164,183"
"2023,34,0,0,146,176"
"2023,33,0,0,148,183"
"2023,32,0,0,141,184"
"2023,31,0,0,153,187"
"2023,30,0,0,124,172"
"2023,29,0,0,112,153"
"2023,28,0,0,127,185"
"2023,27,0,0,122,190"
"2023,26,0,0,100,150"
"2023,25,0,0,126,183"
"2023,24,0,0,140,196"
"2023,23,0,0,160,171"
"2023,22,0,0,263,223"
"2023,21,0,0,342,212"
"2023,20,0,0,328,273"
"2023,19,0,0,588,439"
"2023,18,0,0,416,610"
"2023,17,0,0,218,473"
"2023,16,0,0,241,678"
"2023,15,0,0,124,278"
"2023,14,0,0,63,73"
"2023,13,0,0,82,88"
"2023,12,0,0,86,100"
"2023,11,0,0,93,105"
"2023,10,0,0,91,95"
"2023,9,0,0,93,109"
"2023,8,0,0,99,118"
"2023,7,0,0,144,158"
"2023,6,0,0,116,185"
"2023,5,0,0,83,109"
"2023,4,0,0,77,87"
"2023,3,0,0,96,111"
"2023,2,0,0,71,110"
"2023,1,0,0,97,119"
"2023,0,0,0,54,65"
"2023,100,0,1,0,1"
"2023,99,0,1,0,1"
"2023,98,0,1,0,0"
"2023,97,0,1,1,2"
"2023,96,0,1,0,0"
"2023,95,0,1,0,0"
"2023,94,0,1,4,3"
"2023,93,0,1,3,5"
"2023,92,0,1,5,4"
"2023,91,0,1,6,9"
"2023,90,0,1,4,3"
"2023,89,0,1,5,6"
"2023,88,0,1,5,6"
"2023,87,0,1,12,8"
"2023,86,0,1,16,20"
"2023,85,0,1,14,11"
"2023,84,0,1,14,13"
"2023,83,0,1,14,17"
"2023,82,0,1,13,15"
"2023,81,0,1,13,13"
"2023,80,0,1,12,8"
"2023,79,0,1,7,10"
"2023,78,0,1,12,11"
"2023,77,0,1,14,21"
"2023,76,0,1,25,28"
"2023,75,0,1,21,25"
"2023,74,0,1,26,29"
"2023,73,0,1,37,41"
"2023,72,0,1,29,42"
"2023,71,0,1,42,55"
"2023,70,0,1,44,50"
"2023,69,0,1,46,52"
"2023,68,0,1,51,65"
"2023,67,0,1,46,55"
"2023,66,0,1,50,53"
"2023,65,0,1,51,62"
"2023,64,0,1,60,76"
"2023,63,0,1,61,82"
"2023,62,0,1,54,70"
"2023,61,0,1,46,62"
"2023,60,0,1,54,64"
"2023,59,0,1,54,71"
"2023,58,0,1,45,56"
"2023,57,0,1,52,60"
"2023,56,0,1,53,62"
"2023,55,0,1,65,68"
"2023,54,0,1,52,65"
"2023,53,0,1,60,63"
"2023,52,0,1,51,70"
"2023,51,0,1,59,76"
"2023,50,0,1,52,79"
"2023,49,0,1,74,88"
"2023,48,0,1,70,91"
"2023,47,0,1,70,103"
"2023,46,0,1,82,98"
"2023,45,0,1,84,101"
"2023,44,0,1,102,131"
"2023,43,0,1,99,107"
"2023,42,0,1,108,116"
"2023,41,0,1,123,137"
"2023,40,0,1,134,143"
"2023,39,0,1,144,160"
"2023,38,0,1,172,174"
"2023,37,0,1,177,180"
"2023,36,0,1,174,183"
"2023,35,0,1,204,195"
"2023,34,0,1,191,175"
"2023,33,0,1,189,182"
"2023,32,0,1,175,169"
"2023,31,0,1,189,170"
"2023,30,0,1,162,157"
"2023,29,0,1,154,137"
"2023,28,0,1,164,159"
"2023,27,0,1,170,162"
"2023,26,0,1,148,126"
"2023,25,0,1,183,162"
"2023,24,0,1,210,186"
"2023,23,0,1,240,205"
"2023,22,0,1,354,356"
"2023,21,0,1,449,433"
"2023,20,0,1,458,528"
"2023,19,0,1,724,1015"
"2023,18,0,1,831,833"
"2023,17,0,1,535,310"
"2023,16,0,1,711,277"
"2023,15,0,1,262,123"
"2023,14,0,1,62,65"
"2023,13,0,1,79,80"
"2023,12,0,1,85,83"
"2023,11,0,1,96,95"
"2023,10,0,1,82,82"
"2023,9,0,1,87,92"
"2023,8,0,1,95,105"
"2023,7,0,1,138,134"
"2023,6,0,1,158,102"
"2023,5,0,1,87,81"
"2023,4,0,1,77,63"
"2023,3,0,1,88,90"
"2023,2,0,1,86,73"
"2023,1,0,1,101,77"
"2023,0,0,1,49,40"
"2023,100,1,0,0,0"
"2023,99,1,0,0,0"
"2023,98,1,0,0,0"
"2023,97,1,0,0,0"
"2023,96,1,0,0,0"
"2023,95,1,0,0,0"
"2023,94,1,0,0,0"
"2023,93,1,0,0,0"
"2023,92,1,0,0,1"
"2023,91,1,0,1,1"
"2023,90,1,0,0,1"
"2023,89,1,0,1,1"
"2023,88,1,0,0,1"
"2023,87,1,0,3,3"
"2023,86,1,0,3,3"
"2023,85,1,0,3,6"
"2023,84,1,0,3,6"
"2023,83,1,0,3,6"
"2023,82,1,0,4,6"
"2023,81,1,0,7,5"
"2023,80,1,0,3,6"
"2023,79,1,0,2,2"
"2023,78,1,0,5,5"
"2023,77,1,0,5,4"
"2023,76,1,0,12,12"
"2023,75,1,0,12,9"
"2023,74,1,0,22,20"
"2023,73,1,0,18,19"
"2023,72,1,0,26,22"
"2023,71,1,0,17,12"
"2023,70,1,0,25,20"
"2023,69,1,0,30,24"
"2023,68,1,0,34,24"
"2023,67,1,0,44,31"
"2023,66,1,0,38,34"
"2023,65,1,0,39,36"
"2023,64,1,0,50,41"
"2023,63,1,0,53,50"
"2023,62,1,0,51,44"
"2023,61,1,0,60,43"
"2023,60,1,0,57,46"
"2023,59,1,0,47,40"
"2023,58,1,0,56,40"
"2023,57,1,0,54,36"
"2023,56,1,0,43,38"
"2023,55,1,0,65,40"
"2023,54,1,0,61,45"
"2023,53,1,0,61,45"
"2023,52,1,0,66,54"
"2023,51,1,0,73,51"
"2023,50,1,0,61,56"
"2023,49,1,0,66,50"
"2023,48,1,0,77,61"
"2023,47,1,0,82,71"
"2023,46,1,0,76,68"
"2023,45,1,0,98,79"
"2023,44,1,0,97,79"
"2023,43,1,0,99,82"
"2023,42,1,0,83,80"
"2023,41,1,0,113,104"
"2023,40,1,0,113,97"
"2023,39,1,0,129,110"
"2023,38,1,0,129,124"
"2023,37,1,0,139,127"
"2023,36,1,0,147,133"
"2023,35,1,0,161,160"
"2023,34,1,0,146,149"
"2023,33,1,0,117,144"
"2023,32,1,0,138,144"
"2023,31,1,0,106,119"
"2023,30,1,0,92,112"
"2023,29,1,0,97,123"
"2023,28,1,0,91,101"
"2023,27,1,0,105,126"
"2023,26,1,0,86,125"
"2023,25,1,0,93,127"
"2023,24,1,0,107,132"
"2023,23,1,0,118,134"
"2023,22,1,0,164,154"
"2023,21,1,0,231,161"
"2023,20,1,0,221,182"
"2023,19,1,0,432,265"
"2023,18,1,0,439,480"
"2023,17,1,0,270,461"
"2023,16,1,0,255,661"
"2023,15,1,0,114,216"
"2023,14,1,0,74,85"
"2023,13,1,0,85,105"
"2023,12,1,0,74,97"
"2023,11,1,0,98,120"
"2023,10,1,0,96,114"
"2023,9,1,0,88,100"
"2023,8,1,0,128,120"
"2023,7,1,0,141,156"
"2023,6,1,0,116,179"
"2023,5,1,0,98,126"
"2023,4,1,0,82,95"
"2023,3,1,0,104,119"
"2023,2,1,0,97,108"
"2023,1,1,0,89,113"
"2023,0,1,0,54,70"
"2023,0,1,1,56,36"
"2023,1,1,1,89,74"
"2023,2,1,1,96,81"
"2023,3,1,1,101,93"
"2023,4,1,1,82,71"
"2023,5,1,1,108,94"
"2023,6,1,1,150,109"
"2023,7,1,1,144,135"
"2023,8,1,1,108,114"
"2023,9,1,1,91,85"
"2023,10,1,1,87,93"
"2023,11,1,1,103,111"
"2023,12,1,1,70,86"
"2023,13,1,1,88,91"
"2023,14,1,1,73,72"
"2023,15,1,1,191,104"
"2023,16,1,1,638,274"
"2023,17,1,1,503,344"
"2023,18,1,1,673,793"
"2023,19,1,1,521,734"
"2023,20,1,1,328,397"
"2023,21,1,1,396,334"
"2023,22,1,1,283,299"
"2023,23,1,1,201,231"
"2023,24,1,1,170,187"
"2023,25,1,1,139,158"
"2023,26,1,1,129,140"
"2023,27,1,1,144,143"
"2023,28,1,1,120,107"
"2023,29,1,1,124,122"
"2023,30,1,1,117,115"
"2023,31,1,1,134,126"
"2023,32,1,1,150,156"
"2023,33,1,1,141,155"
"2023,34,1,1,155,165"
"2023,35,1,1,185,185"
"2023,36,1,1,167,163"
"2023,37,1,1,150,150"
"2023,38,1,1,144,160"
"2023,39,1,1,146,152"
"2023,40,1,1,118,134"
"2023,41,1,1,118,128"
"2023,42,1,1,84,118"
"2023,43,1,1,110,106"
"2023,44,1,1,95,116"
"2023,45,1,1,91,124"
"2023,46,1,1,76,105"
"2023,47,1,1,80,109"
"2023,48,1,1,77,97"
"2023,49,1,1,65,81"
"2023,50,1,1,53,86"
"2023,51,1,1,54,81"
"2023,52,1,1,58,79"
"2023,53,1,1,53,69"
"2023,54,1,1,58,63"
"2023,55,1,1,52,56"
"2023,56,1,1,33,56"
"2023,57,1,1,42,52"
"2023,58,1,1,38,54"
"2023,59,1,1,38,46"
"2023,60,1,1,44,54"
"2023,61,1,1,42,62"
"2023,62,1,1,38,58"
"2023,63,1,1,43,67"
"2023,64,1,1,38,55"
"2023,65,1,1,31,44"
"2023,66,1,1,29,42"
"2023,67,1,1,36,43"
"2023,68,1,1,26,41"
"2023,69,1,1,23,36"
"2023,70,1,1,24,27"
"2023,71,1,1,12,19"
"2023,72,1,1,25,28"
"2023,73,1,1,23,22"
"2023,74,1,1,17,22"
"2023,75,1,1,12,13"
"2023,76,1,1,17,15"
"2023,77,1,1,5,4"
"2023,78,1,1,8,6"
"2023,79,1,1,3,2"
"2023,80,1,1,3,5"
"2023,81,1,1,7,8"
"2023,82,1,1,4,8"
"2023,83,1,1,7,6"
"2023,84,1,1,6,5"
"2023,85,1,1,5,4"
"2023,86,1,1,2,4"
"2023,87,1,1,2,2"
"2023,88,1,1,1,1"
"2023,89,1,1,1,1"
"2023,90,1,1,1,1"
"2023,91,1,1,1,1"
"2023,92,1,1,1,2"
"2023,93,1,1,0,1"
"2023,94,1,1,0,0"
"2023,95,1,1,0,0"
"2023,96,1,1,0,1"
"2023,97,1,1,0,0"
"2023,98,1,1,0,0"
"2023,99,1,1,0,0"
"2023,100,1,1,0,0"
